-- Generated by Craft v2.6.3005 on 2/02/2018, 9:55:09 AM.

--
-- Disable foreign key checks and autocommit.
--

SET FOREIGN_KEY_CHECKS = 0;
SET SQL_MODE = "NO_AUTO_VALUE_ON_ZERO";
SET AUTOCOMMIT = 0;
SET NAMES utf8;


DROP TABLE IF EXISTS `craft_assetfiles`;


--
-- Schema for table `craft_assetfiles`
--
CREATE TABLE `craft_assetfiles` (
  `id` int(11) NOT NULL,
  `sourceId` int(11) DEFAULT NULL,
  `folderId` int(11) NOT NULL,
  `filename` varchar(255) COLLATE utf8_unicode_ci NOT NULL,
  `kind` varchar(50) COLLATE utf8_unicode_ci NOT NULL DEFAULT 'unknown',
  `width` int(11) unsigned DEFAULT NULL,
  `height` int(11) unsigned DEFAULT NULL,
  `size` bigint(20) unsigned DEFAULT NULL,
  `dateModified` datetime DEFAULT NULL,
  `dateCreated` datetime NOT NULL,
  `dateUpdated` datetime NOT NULL,
  `uid` char(36) COLLATE utf8_unicode_ci NOT NULL DEFAULT '0',
  PRIMARY KEY (`id`),
  UNIQUE KEY `craft_assetfiles_filename_folderId_unq_idx` (`filename`,`folderId`),
  KEY `craft_assetfiles_sourceId_fk` (`sourceId`),
  KEY `craft_assetfiles_folderId_fk` (`folderId`)
) ENGINE=InnoDB DEFAULT CHARSET=utf8 COLLATE=utf8_unicode_ci;

--
-- Data for table `craft_assetfiles`
--

INSERT INTO `craft_assetfiles` (`id`, `sourceId`, `folderId`, `filename`, `kind`, `width`, `height`, `size`, `dateModified`, `dateCreated`, `dateUpdated`, `uid`) VALUES
 ('13', '1', '1', 'bruncher.png', 'image', '496', '288', '100572', '2018-02-02 05:18:01', '2018-02-02 05:18:01', '2018-02-02 05:18:01', '57b1c5ea-2df5-4d36-9540-72d79f5ab133'),
 ('14', '1', '1', 'fk.png', 'image', '496', '288', '164360', '2018-02-02 05:18:01', '2018-02-02 05:18:01', '2018-02-02 05:18:01', '5c864be3-4383-426f-947e-b60e57d90e42'),
 ('15', '1', '1', 'FrontalLobe.png', 'image', '496', '288', '274461', '2018-02-02 05:18:02', '2018-02-02 05:18:02', '2018-02-02 05:18:02', '0cb9b28b-c6ef-4d72-bbf7-05a114e5ad36'),
 ('16', '1', '1', 'nrp.png', 'image', '496', '288', '116264', '2018-02-02 05:18:03', '2018-02-02 05:18:03', '2018-02-02 05:18:03', '23bde128-267b-4776-9013-4d9348f0e635'),
 ('17', '1', '1', 'tassman.png', 'image', '496', '288', '44878', '2018-02-02 05:18:03', '2018-02-02 05:18:03', '2018-02-02 05:18:03', '699b984f-296b-4c18-9975-961316d974e5'),
 ('18', '1', '1', 'tpp.png', 'image', '496', '288', '154613', '2018-02-02 05:18:04', '2018-02-02 05:18:04', '2018-02-02 05:18:04', 'b7ce5988-9e28-4b11-b882-87bb443ff97c'),
 ('19', '1', '1', 'landscape_bg.png', 'image', '986', '720', '1357690', '2018-02-02 08:39:39', '2018-02-02 08:39:39', '2018-02-02 08:39:39', '811831a0-1c4b-40c7-a3cf-9c26498d219a'),
 ('20', '1', '1', 'logo.svg', 'image', '37', '19', '668', '2018-02-02 09:24:38', '2018-02-02 09:24:38', '2018-02-02 09:24:38', '9438960f-dead-47f7-a7ed-0f6e079651fb'),
 ('21', '1', '1', 'me.png', 'image', '356', '620', '214386', '2018-02-02 09:24:39', '2018-02-02 09:24:39', '2018-02-02 09:24:39', 'e2d353b7-621a-4b27-8325-69b24b50ef51'),
 ('22', '1', '1', 'Group-4frontal.png', 'image', '1064', '624', '693809', '2018-02-02 09:30:35', '2018-02-02 09:30:35', '2018-02-02 09:30:35', '0983be2f-aaf9-4d59-965f-803db36f6708'),
 ('23', '1', '1', 'Group-5frontal.png', 'image', '1064', '624', '595170', '2018-02-02 09:30:48', '2018-02-02 09:30:48', '2018-02-02 09:30:48', 'fc51e242-4c83-49e2-b9d9-2476c495f953'),
 ('24', '1', '1', 'Group-6frontal.png', 'image', '1064', '624', '459817', '2018-02-02 09:30:49', '2018-02-02 09:30:49', '2018-02-02 09:30:49', '890bd3b3-41a5-47a9-8189-d8a3c613fd1b'),
 ('25', '1', '1', 'Group-3brunch.png', 'image', '1064', '624', '220201', '2018-02-02 09:32:07', '2018-02-02 09:32:07', '2018-02-02 09:32:07', '50e545e9-f1ae-4450-84b3-9d3a2f1e92d9'),
 ('26', '1', '1', 'Group-3fk.png', 'image', '1064', '624', '687101', '2018-02-02 09:32:09', '2018-02-02 09:32:09', '2018-02-02 09:32:09', '0bff74ce-1e9f-4241-83b1-0be7c4cf680e'),
 ('27', '1', '1', 'Group-3nrp.png', 'image', '1064', '624', '533320', '2018-02-02 09:32:11', '2018-02-02 09:32:11', '2018-02-02 09:32:11', '2cd744be-9a3a-4b1e-9ec4-178449fd700a'),
 ('28', '1', '1', 'Group-3tasman.png', 'image', '1064', '624', '110184', '2018-02-02 09:32:12', '2018-02-02 09:32:12', '2018-02-02 09:32:12', '984695d2-6c5c-49ff-afe6-be0915ef2ece'),
 ('29', '1', '1', 'Group-3tpp.png', 'image', '1064', '624', '331357', '2018-02-02 09:32:13', '2018-02-02 09:32:13', '2018-02-02 09:32:13', '0c1c08a7-1628-41f8-a3da-4e6865c23d83'),
 ('30', '1', '1', 'Group-4brunch.png', 'image', '1064', '624', '105589', '2018-02-02 09:32:15', '2018-02-02 09:32:15', '2018-02-02 09:32:15', '4bc23d8f-a386-4a26-90dc-1c7e648f81aa'),
 ('31', '1', '1', 'Group-4fk.png', 'image', '1064', '624', '364225', '2018-02-02 09:32:16', '2018-02-02 09:32:16', '2018-02-02 09:32:16', '38c74631-3532-43e0-b459-934485a1a57d'),
 ('32', '1', '1', 'Group-4nrp.png', 'image', '1064', '624', '329812', '2018-02-02 09:32:18', '2018-02-02 09:32:18', '2018-02-02 09:32:18', '036b2cff-61b8-445d-8600-317c500148ff'),
 ('33', '1', '1', 'Group-4tasman.png', 'image', '1064', '624', '70122', '2018-02-02 09:32:19', '2018-02-02 09:32:19', '2018-02-02 09:32:19', '761ce14e-f26b-47c9-9f06-cae24c85132f'),
 ('34', '1', '1', 'Group-4tpp.png', 'image', '1064', '624', '361052', '2018-02-02 09:32:21', '2018-02-02 09:32:21', '2018-02-02 09:32:21', 'a9f42330-19af-420e-a593-7bd3434fa14f'),
 ('35', '1', '1', 'Group-5brunch.png', 'image', '1064', '624', '271723', '2018-02-02 09:32:22', '2018-02-02 09:32:22', '2018-02-02 09:32:22', '502944c7-9364-429a-bda2-7b49e8b1d1d2'),
 ('36', '1', '1', 'Group-5fk.png', 'image', '1064', '624', '391270', '2018-02-02 09:32:24', '2018-02-02 09:32:24', '2018-02-02 09:32:24', '7d1757f5-6eb4-45c2-840f-0dd857442340'),
 ('37', '1', '1', 'Group-5nrp.png', 'image', '1064', '624', '286531', '2018-02-02 09:32:25', '2018-02-02 09:32:26', '2018-02-02 09:32:26', '955c84f6-c313-44fa-a647-80f0b4539b56'),
 ('38', '1', '1', 'Group-5tasman.png', 'image', '1064', '624', '111657', '2018-02-02 09:32:27', '2018-02-02 09:32:27', '2018-02-02 09:32:27', '048a4b49-7606-48d0-87d3-8c870052fa58'),
 ('39', '1', '1', 'Group-5tpp.png', 'image', '1064', '624', '160607', '2018-02-02 09:32:28', '2018-02-02 09:32:28', '2018-02-02 09:32:28', 'e0892d8d-d6be-4fc4-8732-a19ea3551ada');



DROP TABLE IF EXISTS `craft_assetfolders`;


--
-- Schema for table `craft_assetfolders`
--
CREATE TABLE `craft_assetfolders` (
  `id` int(11) NOT NULL AUTO_INCREMENT,
  `parentId` int(11) DEFAULT NULL,
  `sourceId` int(11) DEFAULT NULL,
  `name` varchar(255) COLLATE utf8_unicode_ci NOT NULL,
  `path` varchar(255) COLLATE utf8_unicode_ci DEFAULT NULL,
  `dateCreated` datetime NOT NULL,
  `dateUpdated` datetime NOT NULL,
  `uid` char(36) COLLATE utf8_unicode_ci NOT NULL DEFAULT '0',
  PRIMARY KEY (`id`),
  UNIQUE KEY `craft_assetfolders_name_parentId_sourceId_unq_idx` (`name`,`parentId`,`sourceId`),
  KEY `craft_assetfolders_parentId_fk` (`parentId`),
  KEY `craft_assetfolders_sourceId_fk` (`sourceId`)
) ENGINE=InnoDB AUTO_INCREMENT=2 DEFAULT CHARSET=utf8 COLLATE=utf8_unicode_ci;

--
-- Data for table `craft_assetfolders`
--

INSERT INTO `craft_assetfolders` (`id`, `parentId`, `sourceId`, `name`, `path`, `dateCreated`, `dateUpdated`, `uid`) VALUES
 ('1', NULL, '1', 'Images', '', '2018-02-01 09:46:26', '2018-02-01 09:46:26', '9fb5f1a2-f330-4cb2-a7e3-7377a31b9853');



DROP TABLE IF EXISTS `craft_assetindexdata`;


--
-- Schema for table `craft_assetindexdata`
--
CREATE TABLE `craft_assetindexdata` (
  `id` int(11) NOT NULL AUTO_INCREMENT,
  `sessionId` varchar(36) COLLATE utf8_unicode_ci NOT NULL DEFAULT '',
  `sourceId` int(10) NOT NULL,
  `offset` int(10) NOT NULL,
  `uri` varchar(255) COLLATE utf8_unicode_ci DEFAULT NULL,
  `size` varchar(255) COLLATE utf8_unicode_ci DEFAULT NULL,
  `recordId` int(10) DEFAULT NULL,
  `dateCreated` datetime NOT NULL,
  `dateUpdated` datetime NOT NULL,
  `uid` char(36) COLLATE utf8_unicode_ci NOT NULL DEFAULT '0',
  PRIMARY KEY (`id`),
  UNIQUE KEY `craft_assetindexdata_sessionId_sourceId_offset_unq_idx` (`sessionId`,`sourceId`,`offset`),
  KEY `craft_assetindexdata_sourceId_fk` (`sourceId`)
) ENGINE=InnoDB DEFAULT CHARSET=utf8 COLLATE=utf8_unicode_ci;

DROP TABLE IF EXISTS `craft_assetsources`;


--
-- Schema for table `craft_assetsources`
--
CREATE TABLE `craft_assetsources` (
  `id` int(11) NOT NULL AUTO_INCREMENT,
  `name` varchar(255) COLLATE utf8_unicode_ci NOT NULL,
  `handle` varchar(255) COLLATE utf8_unicode_ci NOT NULL,
  `type` varchar(150) COLLATE utf8_unicode_ci NOT NULL,
  `settings` text COLLATE utf8_unicode_ci,
  `sortOrder` smallint(6) unsigned DEFAULT NULL,
  `fieldLayoutId` int(10) DEFAULT NULL,
  `dateCreated` datetime NOT NULL,
  `dateUpdated` datetime NOT NULL,
  `uid` char(36) COLLATE utf8_unicode_ci NOT NULL DEFAULT '0',
  PRIMARY KEY (`id`),
  UNIQUE KEY `craft_assetsources_name_unq_idx` (`name`),
  UNIQUE KEY `craft_assetsources_handle_unq_idx` (`handle`),
  KEY `craft_assetsources_fieldLayoutId_fk` (`fieldLayoutId`)
) ENGINE=InnoDB AUTO_INCREMENT=2 DEFAULT CHARSET=utf8 COLLATE=utf8_unicode_ci;

--
-- Data for table `craft_assetsources`
--

INSERT INTO `craft_assetsources` (`id`, `name`, `handle`, `type`, `settings`, `sortOrder`, `fieldLayoutId`, `dateCreated`, `dateUpdated`, `uid`) VALUES
 ('1', 'Images', 'images', 'Local', '{\"path\":\"assets\\/images\\/\",\"publicURLs\":\"1\",\"url\":\"{baseUrl}assets\\/images\\/\"}', '1', '22', '2018-02-01 09:46:26', '2018-02-02 09:06:20', 'c053d0ff-9149-4b75-9fa7-8b0863798200');



DROP TABLE IF EXISTS `craft_assettransformindex`;


--
-- Schema for table `craft_assettransformindex`
--
CREATE TABLE `craft_assettransformindex` (
  `id` int(11) NOT NULL AUTO_INCREMENT,
  `fileId` int(11) NOT NULL,
  `filename` varchar(255) COLLATE utf8_unicode_ci DEFAULT NULL,
  `format` varchar(255) COLLATE utf8_unicode_ci DEFAULT NULL,
  `location` varchar(255) COLLATE utf8_unicode_ci NOT NULL,
  `sourceId` int(11) DEFAULT NULL,
  `fileExists` tinyint(1) DEFAULT NULL,
  `inProgress` tinyint(1) DEFAULT NULL,
  `dateIndexed` datetime DEFAULT NULL,
  `dateCreated` datetime NOT NULL,
  `dateUpdated` datetime NOT NULL,
  `uid` char(36) COLLATE utf8_unicode_ci NOT NULL DEFAULT '0',
  PRIMARY KEY (`id`),
  KEY `craft_assettransformindex_sourceId_fileId_location_idx` (`sourceId`,`fileId`,`location`)
) ENGINE=InnoDB DEFAULT CHARSET=utf8 COLLATE=utf8_unicode_ci;

DROP TABLE IF EXISTS `craft_assettransforms`;


--
-- Schema for table `craft_assettransforms`
--
CREATE TABLE `craft_assettransforms` (
  `id` int(11) NOT NULL AUTO_INCREMENT,
  `name` varchar(255) COLLATE utf8_unicode_ci NOT NULL,
  `handle` varchar(255) COLLATE utf8_unicode_ci NOT NULL,
  `mode` enum('stretch','fit','crop') COLLATE utf8_unicode_ci NOT NULL DEFAULT 'crop',
  `position` enum('top-left','top-center','top-right','center-left','center-center','center-right','bottom-left','bottom-center','bottom-right') COLLATE utf8_unicode_ci NOT NULL DEFAULT 'center-center',
  `height` int(10) DEFAULT NULL,
  `width` int(10) DEFAULT NULL,
  `format` varchar(255) COLLATE utf8_unicode_ci DEFAULT NULL,
  `quality` int(10) DEFAULT NULL,
  `dimensionChangeTime` datetime DEFAULT NULL,
  `dateCreated` datetime NOT NULL,
  `dateUpdated` datetime NOT NULL,
  `uid` char(36) COLLATE utf8_unicode_ci NOT NULL DEFAULT '0',
  PRIMARY KEY (`id`),
  UNIQUE KEY `craft_assettransforms_name_unq_idx` (`name`),
  UNIQUE KEY `craft_assettransforms_handle_unq_idx` (`handle`)
) ENGINE=InnoDB DEFAULT CHARSET=utf8 COLLATE=utf8_unicode_ci;

DROP TABLE IF EXISTS `craft_categories`;


--
-- Schema for table `craft_categories`
--
CREATE TABLE `craft_categories` (
  `id` int(11) NOT NULL,
  `groupId` int(11) NOT NULL,
  `dateCreated` datetime NOT NULL,
  `dateUpdated` datetime NOT NULL,
  `uid` char(36) COLLATE utf8_unicode_ci NOT NULL DEFAULT '0',
  PRIMARY KEY (`id`),
  KEY `craft_categories_groupId_fk` (`groupId`)
) ENGINE=InnoDB DEFAULT CHARSET=utf8 COLLATE=utf8_unicode_ci;

DROP TABLE IF EXISTS `craft_categorygroups`;


--
-- Schema for table `craft_categorygroups`
--
CREATE TABLE `craft_categorygroups` (
  `id` int(11) NOT NULL AUTO_INCREMENT,
  `structureId` int(11) NOT NULL,
  `fieldLayoutId` int(11) DEFAULT NULL,
  `name` varchar(255) COLLATE utf8_unicode_ci NOT NULL,
  `handle` varchar(255) COLLATE utf8_unicode_ci NOT NULL,
  `hasUrls` tinyint(1) unsigned NOT NULL DEFAULT '1',
  `template` varchar(500) COLLATE utf8_unicode_ci DEFAULT NULL,
  `dateCreated` datetime NOT NULL,
  `dateUpdated` datetime NOT NULL,
  `uid` char(36) COLLATE utf8_unicode_ci NOT NULL DEFAULT '0',
  PRIMARY KEY (`id`),
  UNIQUE KEY `craft_categorygroups_name_unq_idx` (`name`),
  UNIQUE KEY `craft_categorygroups_handle_unq_idx` (`handle`),
  KEY `craft_categorygroups_structureId_fk` (`structureId`),
  KEY `craft_categorygroups_fieldLayoutId_fk` (`fieldLayoutId`)
) ENGINE=InnoDB DEFAULT CHARSET=utf8 COLLATE=utf8_unicode_ci;

DROP TABLE IF EXISTS `craft_categorygroups_i18n`;


--
-- Schema for table `craft_categorygroups_i18n`
--
CREATE TABLE `craft_categorygroups_i18n` (
  `id` int(11) NOT NULL AUTO_INCREMENT,
  `groupId` int(11) NOT NULL,
  `locale` char(12) COLLATE utf8_unicode_ci NOT NULL,
  `urlFormat` text COLLATE utf8_unicode_ci,
  `nestedUrlFormat` text COLLATE utf8_unicode_ci,
  `dateCreated` datetime NOT NULL,
  `dateUpdated` datetime NOT NULL,
  `uid` char(36) COLLATE utf8_unicode_ci NOT NULL DEFAULT '0',
  PRIMARY KEY (`id`),
  UNIQUE KEY `craft_categorygroups_i18n_groupId_locale_unq_idx` (`groupId`,`locale`),
  KEY `craft_categorygroups_i18n_locale_fk` (`locale`)
) ENGINE=InnoDB DEFAULT CHARSET=utf8 COLLATE=utf8_unicode_ci;

DROP TABLE IF EXISTS `craft_content`;


--
-- Schema for table `craft_content`
--
CREATE TABLE `craft_content` (
  `id` int(11) NOT NULL AUTO_INCREMENT,
  `elementId` int(11) NOT NULL,
  `locale` char(12) COLLATE utf8_unicode_ci NOT NULL,
  `title` varchar(255) COLLATE utf8_unicode_ci DEFAULT NULL,
  `field_body` text COLLATE utf8_unicode_ci,
  `field_subtitle` text COLLATE utf8_unicode_ci,
  `field_firstParagraph` text COLLATE utf8_unicode_ci,
  `field_secondParagraph` text COLLATE utf8_unicode_ci,
  `field_thirdParagraph` text COLLATE utf8_unicode_ci,
  `field_blurb` text COLLATE utf8_unicode_ci,
  `dateCreated` datetime NOT NULL,
  `dateUpdated` datetime NOT NULL,
  `uid` char(36) COLLATE utf8_unicode_ci NOT NULL DEFAULT '0',
  PRIMARY KEY (`id`),
  UNIQUE KEY `craft_content_elementId_locale_unq_idx` (`elementId`,`locale`),
  KEY `craft_content_title_idx` (`title`),
  KEY `craft_content_locale_fk` (`locale`)
) ENGINE=InnoDB AUTO_INCREMENT=40 DEFAULT CHARSET=utf8 COLLATE=utf8_unicode_ci;

--
-- Data for table `craft_content`
--

INSERT INTO `craft_content` (`id`, `elementId`, `locale`, `title`, `field_body`, `field_subtitle`, `field_firstParagraph`, `field_secondParagraph`, `field_thirdParagraph`, `field_blurb`, `dateCreated`, `dateUpdated`, `uid`) VALUES
 ('1', '1', 'en_nz', NULL, NULL, NULL, NULL, NULL, NULL, NULL, '2018-01-30 09:53:51', '2018-01-30 09:53:51', '6bb3c9c9-6668-4279-920f-7a8b840ea827'),
 ('2', '2', 'en_nz', 'Welcome to Localhost!', '<p>It’s true, this site doesn’t have a whole lot of content yet, but don’t worry. Our web developers have just installed the CMS, and they’re setting things up for the content editors this very moment. Soon Localhost will be an oasis of fresh perspectives, sharp analyses, and astute opinions that will keep you coming back again and again.</p>', NULL, NULL, NULL, NULL, NULL, '2018-01-30 09:53:55', '2018-01-30 09:53:55', 'e331fd08-b021-4b85-bf1c-65c43c5e277e'),
 ('3', '3', 'en_nz', 'We just installed Craft!', '<p>Craft is the CMS that’s powering Localhost. It’s beautiful, powerful, flexible, and easy-to-use, and it’s made by Pixel &amp; Tonic. We can’t wait to dive in and see what it’s capable of!</p><!--pagebreak--><p>This is even more captivating content, which you couldn’t see on the News index page because it was entered after a Page Break, and the News index template only likes to show the content on the first page.</p><p>Craft: a nice alternative to Word, if you’re making a website.</p>', NULL, NULL, NULL, NULL, NULL, '2018-01-30 09:53:55', '2018-01-30 09:53:55', '5a3d0132-fee4-4ffb-8e0f-2eecdfc92681'),
 ('6', '6', 'en_nz', 'Home', NULL, NULL, NULL, NULL, NULL, 'Hi, I’m Jenny — web designer, bicycle rider, enthusiastic coder, snow lover & quiet achiever.\r\n', '2018-02-01 10:18:33', '2018-02-02 09:48:52', '8c71a89f-53b1-42d5-9a7b-4abc78242911'),
 ('7', '7', 'en_nz', 'Frontal Lobe', NULL, 'Web Design', 'Frontal Lobe is an up and coming business who came to Big Boy Websites for a website to showcase what they have to offer — designing and building beautiful, sustainable designs using bamboo and scrap wood.', 'The website was broken down into the different sections required — information about the team, an online shop, contact information and links to their social media. This information combined with beautiful, high-quality imagery was able to convey the company ethos.', 'With the launch of the website, Frontal Lobe was able to make their mark as a progressive, socially-minded business based on sustainability and have an online outlet for their creations.', NULL, '2018-02-01 10:29:49', '2018-02-02 09:31:29', '0fc35b0c-852a-40b7-9b5f-4d40d39b3202'),
 ('8', '8', 'en_nz', 'Bruncher', NULL, 'Google Maps API, UI, Materialize', 'In post-quake Christchurch, I often found myself spending far too much of my time driving around the CBD hoping to find a cafe that was open for Brunch. That’s why I created Bruncher.', 'When designing Bruncher it was important that the app gave real-time information on nearby cafes, with open/close information, detailed directions and was easy to use on mobile devices. \r\n\r\nUsing the Google Maps Javascript API in conjunction with the Materialise CSS framework I was able to do all these things.', 'The app has an easy-to-use interface which allows users to locate local cafes via geolocation or manual input and determine whether they are open or closed. The app also offers the users detailed directions and is responsive across a range of devices.', NULL, '2018-02-02 04:52:50', '2018-02-02 09:33:12', '3ad37265-64d6-48fd-acdc-05fb7c7a7904'),
 ('9', '9', 'en_nz', 'The Perfect Pour', NULL, 'PHP, Bootstrap, CRUD', 'While there are a lot of websites that review cafes, the emphasis is often on the overall cafe experience as opposed to the quality of the coffee served. The Perfect Pour is a website where users can register an account and leave reviews about the coffee at local cafes.', 'In order to create a review website, it was important that the site was able to handle a variety of different modes of functionality. The website is a basic CRUD (Create, Read, Update, Delete) app built using PHP with no framework. \r\n', 'The site is styled using a heavily customised Bootstrap which allows the site to maintain responsiveness across different device widths so users can leave reviews while they are on-the-go.', NULL, '2018-02-02 04:53:52', '2018-02-02 09:34:10', '4dd9e48c-3cd7-4641-9a39-0e953b49409d'),
 ('10', '10', 'en_nz', 'Forest Karts', NULL, 'Web Design', 'Forest Karts came to Big Boy Websites with an exciting new business project — outdoor go-karting in a picturesque Canterbury forest location. As a new business, they needed a website to show potential customers what they have to offer.', 'The website design was broken down into different sections — go-karting packages on offer, health and safety information, a reliable way to contact them and information about the team behind Forest Karts.', 'With the brief in hand, I created a fun and informative website that reflected the business they were in. Lots of fun little design details combined with forest and go-kart imagery complete with a mobile site to ensure accessibility on the go.', NULL, '2018-02-02 04:54:38', '2018-02-02 09:34:57', '3d45a8ed-e53e-4416-90cb-0d70bab2fccb'),
 ('11', '11', 'en_nz', 'Natalie Rose Photography', NULL, 'WordPress Development, WooCommerce ', 'Natalie is a young Christchurch-based photographer with a passion for shooting astrophotography and local events. She needed a website to showcase her talents, sell prints and a way for potential customers to get in contact. ', 'As Natalie is a freelance photographer it was important that she was able to self-manage the content on the site and upload new images to her portfolio as required. It was clear that in order to do this a CMS was required.', 'In order to give her a customisable site, I created a one-of-a-kind Wordpress template which allows her to self-manage the WooCommerce shop and make updates to all aspects of the site as needed. ', NULL, '2018-02-02 04:55:37', '2018-02-02 09:35:48', '058ebc60-f789-490e-8349-3c371dc01a76'),
 ('12', '12', 'en_nz', 'tasman.io', NULL, 'SilverStripe, MailChimp, Web Design', 'Custom D had been working on an in-house task management app for quite a while and it was now time to gather public interest about the upcoming Beta launch of the application.', 'We designed a one-page SilverStripe website to attract beta testers which gave details about the product on offer and the range of benefits that it would provide small businesses.', 'In order to gather public interest, a simple input field was added to the site for users to subscribe. The input field linked to a MailChimp mail list where users were regularly updated with the latest information regarding the Beta release of the app.', NULL, '2018-02-02 04:56:21', '2018-02-02 09:36:31', 'c8aec12c-debe-4d1e-8698-45b63df43e58'),
 ('13', '13', 'en_nz', 'Bruncher', NULL, NULL, NULL, NULL, NULL, NULL, '2018-02-02 05:18:01', '2018-02-02 05:18:01', '9e3b5d7a-8ccb-4672-b540-14be7a809d1a'),
 ('14', '14', 'en_nz', 'Fk', NULL, NULL, NULL, NULL, NULL, NULL, '2018-02-02 05:18:01', '2018-02-02 05:18:01', 'ea3aaa5b-f528-4442-805b-0a42954b3607'),
 ('15', '15', 'en_nz', 'Frontal Lobe', NULL, NULL, NULL, NULL, NULL, NULL, '2018-02-02 05:18:02', '2018-02-02 05:18:02', '01e3fc5d-f9fe-407d-88a5-94e2f153278f'),
 ('16', '16', 'en_nz', 'Nrp', NULL, NULL, NULL, NULL, NULL, NULL, '2018-02-02 05:18:03', '2018-02-02 05:18:03', 'ccac29e5-f282-432f-990b-bf21d63020b5'),
 ('17', '17', 'en_nz', 'Tassman', NULL, NULL, NULL, NULL, NULL, NULL, '2018-02-02 05:18:03', '2018-02-02 05:18:03', '289db65f-f736-4620-aea2-987ac4d81ced'),
 ('18', '18', 'en_nz', 'Tpp', NULL, NULL, NULL, NULL, NULL, NULL, '2018-02-02 05:18:04', '2018-02-02 05:18:04', 'efb3a128-7a8d-4464-b1a3-254e6c259bae'),
 ('19', '19', 'en_nz', 'Landscape Bg', NULL, NULL, NULL, NULL, NULL, NULL, '2018-02-02 08:39:39', '2018-02-02 08:39:39', 'a87d86c0-4ad5-41c6-8c01-06408ec69a39'),
 ('20', '20', 'en_nz', 'Logo', NULL, NULL, NULL, NULL, NULL, NULL, '2018-02-02 09:24:38', '2018-02-02 09:24:38', '5328e0e2-d0dd-448b-b820-ebaf948f7d72'),
 ('21', '21', 'en_nz', 'Me', NULL, NULL, NULL, NULL, NULL, NULL, '2018-02-02 09:24:39', '2018-02-02 09:24:39', 'ef4766aa-5a18-418f-822d-009e12f9e54c'),
 ('22', '22', 'en_nz', 'Group 4Frontal', NULL, NULL, NULL, NULL, NULL, NULL, '2018-02-02 09:30:35', '2018-02-02 09:30:35', 'b14ffc05-ec62-497b-8386-c95d307fad29'),
 ('23', '23', 'en_nz', 'Group 5Frontal', NULL, NULL, NULL, NULL, NULL, NULL, '2018-02-02 09:30:48', '2018-02-02 09:30:48', 'a1353246-8ae9-4ae6-9aaf-1eb6fa28b1e6'),
 ('24', '24', 'en_nz', 'Group 6Frontal', NULL, NULL, NULL, NULL, NULL, NULL, '2018-02-02 09:30:49', '2018-02-02 09:30:49', 'c8ff0697-4f98-4141-96dc-583ee260dc8d'),
 ('25', '25', 'en_nz', 'Group 3Brunch', NULL, NULL, NULL, NULL, NULL, NULL, '2018-02-02 09:32:07', '2018-02-02 09:32:07', '29b8e7b2-570b-4a8e-a5bb-a1450c95b05c'),
 ('26', '26', 'en_nz', 'Group 3Fk', NULL, NULL, NULL, NULL, NULL, NULL, '2018-02-02 09:32:09', '2018-02-02 09:32:09', '457a6d05-c35f-4cc7-8c51-f7d39b6bae82'),
 ('27', '27', 'en_nz', 'Group 3Nrp', NULL, NULL, NULL, NULL, NULL, NULL, '2018-02-02 09:32:11', '2018-02-02 09:32:11', 'e8891106-fb82-45e8-9b61-dd897abb6266'),
 ('28', '28', 'en_nz', 'Group 3Tasman', NULL, NULL, NULL, NULL, NULL, NULL, '2018-02-02 09:32:12', '2018-02-02 09:32:12', 'e893e856-3738-4dd5-bfff-aa1d5a3eafb7'),
 ('29', '29', 'en_nz', 'Group 3Tpp', NULL, NULL, NULL, NULL, NULL, NULL, '2018-02-02 09:32:13', '2018-02-02 09:32:13', '99a6c015-80fa-4932-b01c-2d7c130d73c1'),
 ('30', '30', 'en_nz', 'Group 4Brunch', NULL, NULL, NULL, NULL, NULL, NULL, '2018-02-02 09:32:15', '2018-02-02 09:32:15', '48b6e4b4-31d0-47bb-9378-34f4c0a9b1f4'),
 ('31', '31', 'en_nz', 'Group 4Fk', NULL, NULL, NULL, NULL, NULL, NULL, '2018-02-02 09:32:16', '2018-02-02 09:32:16', 'cdf33716-3df2-467f-a52a-03b5bbcfee1f'),
 ('32', '32', 'en_nz', 'Group 4Nrp', NULL, NULL, NULL, NULL, NULL, NULL, '2018-02-02 09:32:18', '2018-02-02 09:32:18', 'b74a6979-1ce9-447d-884a-367249cf7df2'),
 ('33', '33', 'en_nz', 'Group 4Tasman', NULL, NULL, NULL, NULL, NULL, NULL, '2018-02-02 09:32:19', '2018-02-02 09:32:19', 'ec7a8d1a-283c-4428-b482-7f3fe52267c2'),
 ('34', '34', 'en_nz', 'Group 4Tpp', NULL, NULL, NULL, NULL, NULL, NULL, '2018-02-02 09:32:21', '2018-02-02 09:32:21', '1ab6aaf4-08db-40ae-9994-3bcf22d76e3c'),
 ('35', '35', 'en_nz', 'Group 5Brunch', NULL, NULL, NULL, NULL, NULL, NULL, '2018-02-02 09:32:22', '2018-02-02 09:32:22', 'f54088a8-9dbc-4d42-b00d-fce0a3426c8c'),
 ('36', '36', 'en_nz', 'Group 5Fk', NULL, NULL, NULL, NULL, NULL, NULL, '2018-02-02 09:32:24', '2018-02-02 09:32:24', 'd03e329d-75dd-4832-8039-7e7255ed082e'),
 ('37', '37', 'en_nz', 'Group 5Nrp', NULL, NULL, NULL, NULL, NULL, NULL, '2018-02-02 09:32:26', '2018-02-02 09:32:26', 'f0ea0d82-8905-48f6-a2e4-90e4aa839875'),
 ('38', '38', 'en_nz', 'Group 5Tasman', NULL, NULL, NULL, NULL, NULL, NULL, '2018-02-02 09:32:27', '2018-02-02 09:32:27', 'b108bf7e-7d92-4f80-89d4-0a2c96bc4366'),
 ('39', '39', 'en_nz', 'Group 5Tpp', NULL, NULL, NULL, NULL, NULL, NULL, '2018-02-02 09:32:28', '2018-02-02 09:32:28', '101a1ea8-4152-4cfd-b19e-6934b8cf7193');



DROP TABLE IF EXISTS `craft_deprecationerrors`;


--
-- Schema for table `craft_deprecationerrors`
--
CREATE TABLE `craft_deprecationerrors` (
  `id` int(11) NOT NULL AUTO_INCREMENT,
  `key` varchar(255) COLLATE utf8_unicode_ci NOT NULL,
  `fingerprint` varchar(255) COLLATE utf8_unicode_ci NOT NULL,
  `lastOccurrence` datetime NOT NULL,
  `file` varchar(255) COLLATE utf8_unicode_ci NOT NULL,
  `line` smallint(6) unsigned NOT NULL,
  `class` varchar(255) COLLATE utf8_unicode_ci DEFAULT NULL,
  `method` varchar(255) COLLATE utf8_unicode_ci DEFAULT NULL,
  `template` varchar(255) COLLATE utf8_unicode_ci DEFAULT NULL,
  `templateLine` smallint(6) unsigned DEFAULT NULL,
  `message` varchar(255) COLLATE utf8_unicode_ci DEFAULT NULL,
  `traces` text COLLATE utf8_unicode_ci,
  `dateCreated` datetime NOT NULL,
  `dateUpdated` datetime NOT NULL,
  `uid` char(36) COLLATE utf8_unicode_ci NOT NULL DEFAULT '0',
  PRIMARY KEY (`id`),
  UNIQUE KEY `craft_deprecationerrors_key_fingerprint_unq_idx` (`key`,`fingerprint`)
) ENGINE=InnoDB DEFAULT CHARSET=utf8 COLLATE=utf8_unicode_ci;

DROP TABLE IF EXISTS `craft_elementindexsettings`;


--
-- Schema for table `craft_elementindexsettings`
--
CREATE TABLE `craft_elementindexsettings` (
  `id` int(11) NOT NULL AUTO_INCREMENT,
  `type` varchar(150) COLLATE utf8_unicode_ci NOT NULL,
  `settings` text COLLATE utf8_unicode_ci,
  `dateCreated` datetime NOT NULL,
  `dateUpdated` datetime NOT NULL,
  `uid` char(36) COLLATE utf8_unicode_ci NOT NULL DEFAULT '0',
  PRIMARY KEY (`id`),
  UNIQUE KEY `craft_elementindexsettings_type_unq_idx` (`type`)
) ENGINE=InnoDB AUTO_INCREMENT=2 DEFAULT CHARSET=utf8 COLLATE=utf8_unicode_ci;

--
-- Data for table `craft_elementindexsettings`
--

INSERT INTO `craft_elementindexsettings` (`id`, `type`, `settings`, `dateCreated`, `dateUpdated`, `uid`) VALUES
 ('1', 'Entry', '{\"sources\":{\"section:2\":{\"tableAttributes\":{\"1\":\"postDate\",\"2\":\"expiryDate\",\"3\":\"link\"}},\"singles\":{\"tableAttributes\":{\"1\":\"link\"}},\"*\":{\"tableAttributes\":{\"1\":\"section\",\"2\":\"postDate\",\"3\":\"expiryDate\",\"4\":\"link\"}},\"section:3\":{\"tableAttributes\":{\"1\":\"postDate\",\"2\":\"expiryDate\",\"3\":\"link\",\"4\":\"field:2\"}}}}', '2018-02-01 09:27:04', '2018-02-01 09:27:04', '9c3f7fce-f6fb-4328-be6d-6f2010ba3f51');



DROP TABLE IF EXISTS `craft_elements`;


--
-- Schema for table `craft_elements`
--
CREATE TABLE `craft_elements` (
  `id` int(11) NOT NULL AUTO_INCREMENT,
  `type` varchar(150) COLLATE utf8_unicode_ci NOT NULL,
  `enabled` tinyint(1) unsigned NOT NULL DEFAULT '1',
  `archived` tinyint(1) unsigned NOT NULL DEFAULT '0',
  `dateCreated` datetime NOT NULL,
  `dateUpdated` datetime NOT NULL,
  `uid` char(36) COLLATE utf8_unicode_ci NOT NULL DEFAULT '0',
  PRIMARY KEY (`id`),
  KEY `craft_elements_type_idx` (`type`),
  KEY `craft_elements_enabled_idx` (`enabled`),
  KEY `craft_elements_archived_dateCreated_idx` (`archived`,`dateCreated`)
) ENGINE=InnoDB AUTO_INCREMENT=40 DEFAULT CHARSET=utf8 COLLATE=utf8_unicode_ci;

--
-- Data for table `craft_elements`
--

INSERT INTO `craft_elements` (`id`, `type`, `enabled`, `archived`, `dateCreated`, `dateUpdated`, `uid`) VALUES
 ('1', 'User', '1', '0', '2018-01-30 09:53:51', '2018-01-30 09:53:51', '38257346-441c-425f-9fd4-916a50353d01'),
 ('2', 'Entry', '0', '0', '2018-01-30 09:53:55', '2018-01-30 09:55:02', 'adbfec97-bf37-4ced-81ee-dc1bcd60f81b'),
 ('3', 'Entry', '0', '0', '2018-01-30 09:53:55', '2018-01-30 09:55:02', '6481368a-e033-4cf4-a36f-a749ba06f2d0'),
 ('6', 'Entry', '1', '0', '2018-02-01 10:18:33', '2018-02-02 09:48:52', '679de724-0871-4469-8019-c7f13df1e58c'),
 ('7', 'Entry', '1', '0', '2018-02-01 10:29:49', '2018-02-02 09:31:29', 'b971e7d5-ec83-4ffd-aa03-5d6a5b467884'),
 ('8', 'Entry', '1', '0', '2018-02-02 04:52:50', '2018-02-02 09:33:12', '8b26f013-d504-4be1-b8c9-a98a74905be7'),
 ('9', 'Entry', '1', '0', '2018-02-02 04:53:52', '2018-02-02 09:34:10', '72059801-6c8e-4dd9-8eb8-0fe88f22f061'),
 ('10', 'Entry', '1', '0', '2018-02-02 04:54:38', '2018-02-02 09:34:57', '6fd206cc-400f-46fe-8517-8648aae8aabd'),
 ('11', 'Entry', '1', '0', '2018-02-02 04:55:37', '2018-02-02 09:35:48', '14784ee4-3e70-4e5f-bb26-38550a466283'),
 ('12', 'Entry', '1', '0', '2018-02-02 04:56:21', '2018-02-02 09:36:31', '17423f8c-0f2e-4ed7-a1a1-0982570d34cf'),
 ('13', 'Asset', '1', '0', '2018-02-02 05:18:01', '2018-02-02 05:18:01', '729c7444-8fc8-4ba8-b367-0f9f559c69f8'),
 ('14', 'Asset', '1', '0', '2018-02-02 05:18:01', '2018-02-02 05:18:01', 'f1b73364-1477-4895-8230-462511f0c583'),
 ('15', 'Asset', '1', '0', '2018-02-02 05:18:02', '2018-02-02 05:18:02', '59c5af56-2815-4315-a002-4a5a198f7991'),
 ('16', 'Asset', '1', '0', '2018-02-02 05:18:03', '2018-02-02 05:18:03', '28a53051-47bb-44c1-93dc-0817053f1b45'),
 ('17', 'Asset', '1', '0', '2018-02-02 05:18:03', '2018-02-02 05:18:03', 'b2dfdacb-d7fc-420e-b0e2-73bc6f2b2ee1'),
 ('18', 'Asset', '1', '0', '2018-02-02 05:18:04', '2018-02-02 05:18:04', 'cbb33bb5-3ac1-4407-b65a-c7104033cd6c'),
 ('19', 'Asset', '1', '0', '2018-02-02 08:39:39', '2018-02-02 08:39:39', '613eab44-e8ca-49ae-9d47-8d7ebb848984'),
 ('20', 'Asset', '1', '0', '2018-02-02 09:24:38', '2018-02-02 09:24:38', '2295dc8a-e512-473a-8829-2225ee5736f0'),
 ('21', 'Asset', '1', '0', '2018-02-02 09:24:39', '2018-02-02 09:24:39', 'a0d19f78-eca3-4fee-92b1-0455ef8e32cc'),
 ('22', 'Asset', '1', '0', '2018-02-02 09:30:35', '2018-02-02 09:30:35', 'da505c5b-eb5c-4833-a183-ef936c710fc3'),
 ('23', 'Asset', '1', '0', '2018-02-02 09:30:48', '2018-02-02 09:30:48', '9d731f4d-51d9-48de-855a-62bef689fea1'),
 ('24', 'Asset', '1', '0', '2018-02-02 09:30:49', '2018-02-02 09:30:49', '9276c50e-a9f0-4343-9530-5d900eb5434d'),
 ('25', 'Asset', '1', '0', '2018-02-02 09:32:07', '2018-02-02 09:32:07', '136d28d9-9c26-4186-bb49-5e9d746e3125'),
 ('26', 'Asset', '1', '0', '2018-02-02 09:32:09', '2018-02-02 09:32:09', '1bcbaa66-dbed-4e39-8ca2-61eb21df8af0'),
 ('27', 'Asset', '1', '0', '2018-02-02 09:32:11', '2018-02-02 09:32:11', 'efa94143-f77c-40c0-b81b-1de2c0a35077'),
 ('28', 'Asset', '1', '0', '2018-02-02 09:32:12', '2018-02-02 09:32:12', 'eb2e587d-a176-48d4-ba95-0bfe5ad1d0f6'),
 ('29', 'Asset', '1', '0', '2018-02-02 09:32:13', '2018-02-02 09:32:13', 'c0913ea6-eaed-481c-a0ad-7bce21cd8263'),
 ('30', 'Asset', '1', '0', '2018-02-02 09:32:15', '2018-02-02 09:32:15', '09e97d17-3f11-4eda-b8de-7f67be605b23'),
 ('31', 'Asset', '1', '0', '2018-02-02 09:32:16', '2018-02-02 09:32:16', '1a77df7c-3df2-458f-b09a-312a950e9477'),
 ('32', 'Asset', '1', '0', '2018-02-02 09:32:18', '2018-02-02 09:32:18', '6ee948bb-6d71-437c-b742-dadb351afdcd'),
 ('33', 'Asset', '1', '0', '2018-02-02 09:32:19', '2018-02-02 09:32:19', '31500f64-2573-4d6a-a3b3-1fcf69256066'),
 ('34', 'Asset', '1', '0', '2018-02-02 09:32:21', '2018-02-02 09:32:21', 'f55ea4cb-8f1c-4a08-a78f-29f1e0229ff1'),
 ('35', 'Asset', '1', '0', '2018-02-02 09:32:22', '2018-02-02 09:32:22', '40505418-415a-45a2-bdb1-f0b4f25d925d'),
 ('36', 'Asset', '1', '0', '2018-02-02 09:32:24', '2018-02-02 09:32:24', 'f0d45bc6-10fe-4294-9215-7e66e0427967'),
 ('37', 'Asset', '1', '0', '2018-02-02 09:32:26', '2018-02-02 09:32:26', '215d2dc5-7cdb-40a9-a06b-279aab595d19'),
 ('38', 'Asset', '1', '0', '2018-02-02 09:32:27', '2018-02-02 09:32:27', '526fc5f8-c3e8-4a1b-b92d-c4a6fa8007ed'),
 ('39', 'Asset', '1', '0', '2018-02-02 09:32:28', '2018-02-02 09:32:28', 'c2d45a17-80b3-4c32-bdc1-8c900ada2b7d');



DROP TABLE IF EXISTS `craft_elements_i18n`;


--
-- Schema for table `craft_elements_i18n`
--
CREATE TABLE `craft_elements_i18n` (
  `id` int(11) NOT NULL AUTO_INCREMENT,
  `elementId` int(11) NOT NULL,
  `locale` char(12) COLLATE utf8_unicode_ci NOT NULL,
  `slug` varchar(255) COLLATE utf8_unicode_ci DEFAULT NULL,
  `uri` varchar(255) COLLATE utf8_unicode_ci DEFAULT NULL,
  `enabled` tinyint(1) unsigned NOT NULL DEFAULT '1',
  `dateCreated` datetime NOT NULL,
  `dateUpdated` datetime NOT NULL,
  `uid` char(36) COLLATE utf8_unicode_ci NOT NULL DEFAULT '0',
  PRIMARY KEY (`id`),
  UNIQUE KEY `craft_elements_i18n_elementId_locale_unq_idx` (`elementId`,`locale`),
  UNIQUE KEY `craft_elements_i18n_uri_locale_unq_idx` (`uri`,`locale`),
  KEY `craft_elements_i18n_slug_locale_idx` (`slug`,`locale`),
  KEY `craft_elements_i18n_enabled_idx` (`enabled`),
  KEY `craft_elements_i18n_locale_fk` (`locale`)
) ENGINE=InnoDB AUTO_INCREMENT=40 DEFAULT CHARSET=utf8 COLLATE=utf8_unicode_ci;

--
-- Data for table `craft_elements_i18n`
--

INSERT INTO `craft_elements_i18n` (`id`, `elementId`, `locale`, `slug`, `uri`, `enabled`, `dateCreated`, `dateUpdated`, `uid`) VALUES
 ('1', '1', 'en_nz', '', NULL, '1', '2018-01-30 09:53:51', '2018-01-30 09:53:51', 'cf112cd4-de06-466e-bd17-c7dd25704684'),
 ('2', '2', 'en_nz', 'homepage', '__home__', '1', '2018-01-30 09:53:55', '2018-01-30 09:53:55', 'fa973096-c0bf-4495-ae7f-0993b85f9a76'),
 ('3', '3', 'en_nz', 'we-just-installed-craft', 'news/2018/we-just-installed-craft', '1', '2018-01-30 09:53:55', '2018-01-30 09:53:55', 'ad5a18d6-6783-4448-8ef1-0671137c522a'),
 ('6', '6', 'en_nz', 'home', 'home', '1', '2018-02-01 10:18:33', '2018-02-02 09:43:24', '3347495a-5395-4253-90f2-399586186415'),
 ('7', '7', 'en_nz', 'frontal-lobe', 'frontal-lobe', '1', '2018-02-01 10:29:49', '2018-02-02 09:31:30', '9b079c87-93f8-4913-afe9-6a4a84594d5e'),
 ('8', '8', 'en_nz', 'bruncher', 'bruncher', '1', '2018-02-02 04:52:50', '2018-02-02 09:33:12', '9dc0fded-518e-4294-bc8f-1aa04872638a'),
 ('9', '9', 'en_nz', 'the-perfect-pour', 'the-perfect-pour', '1', '2018-02-02 04:53:52', '2018-02-02 09:34:10', 'd6d1d94c-dbeb-4cf9-a971-1b6803e4e20b'),
 ('10', '10', 'en_nz', 'forest-karts', 'forest-karts', '1', '2018-02-02 04:54:38', '2018-02-02 09:34:57', '26314d86-3965-4822-8cb5-98ae75a97ea7'),
 ('11', '11', 'en_nz', 'natalie-rose-photography', 'natalie-rose-photography', '1', '2018-02-02 04:55:37', '2018-02-02 09:35:48', 'f16b5776-a86e-47a4-b76f-fe044c14b7d1'),
 ('12', '12', 'en_nz', 'tasman-io', 'tasman-io', '1', '2018-02-02 04:56:22', '2018-02-02 09:36:31', '5997b3c2-4e78-46e5-bc94-21df024545fc'),
 ('13', '13', 'en_nz', 'bruncher', NULL, '1', '2018-02-02 05:18:01', '2018-02-02 05:18:01', 'ef9c884c-3a7b-4906-a5c8-949e72598531'),
 ('14', '14', 'en_nz', 'fk', NULL, '1', '2018-02-02 05:18:01', '2018-02-02 05:18:01', '1b9a3ee6-9c38-401d-badd-b73cbbbb98a5'),
 ('15', '15', 'en_nz', 'frontal-lobe', NULL, '1', '2018-02-02 05:18:02', '2018-02-02 05:18:02', '1c68f7c8-2249-4e2c-9f61-86e1240bd1c1'),
 ('16', '16', 'en_nz', 'nrp', NULL, '1', '2018-02-02 05:18:03', '2018-02-02 05:18:03', 'b96d109a-4b32-4192-8e77-ff3a47adfe44'),
 ('17', '17', 'en_nz', 'tassman', NULL, '1', '2018-02-02 05:18:03', '2018-02-02 05:18:03', '456a3f21-1156-4650-a71e-a40376ebc969'),
 ('18', '18', 'en_nz', 'tpp', NULL, '1', '2018-02-02 05:18:04', '2018-02-02 05:18:04', '7e31cecb-d2b3-45eb-bcd9-bf0b5de58604'),
 ('19', '19', 'en_nz', 'landscape-bg', NULL, '1', '2018-02-02 08:39:39', '2018-02-02 08:39:39', '40af04a7-6465-4096-9a8e-8975bf7fd8ab'),
 ('20', '20', 'en_nz', 'logo', NULL, '1', '2018-02-02 09:24:38', '2018-02-02 09:24:38', 'de88d374-52c6-4561-986b-29310c4b50c7'),
 ('21', '21', 'en_nz', 'me', NULL, '1', '2018-02-02 09:24:39', '2018-02-02 09:24:39', '8b2a56d3-53c6-4c2a-8681-7277176c7c23'),
 ('22', '22', 'en_nz', 'group-4frontal', NULL, '1', '2018-02-02 09:30:35', '2018-02-02 09:30:35', 'cfb543c0-a3c2-42e6-82e8-10b0abacdb31'),
 ('23', '23', 'en_nz', 'group-5frontal', NULL, '1', '2018-02-02 09:30:48', '2018-02-02 09:30:48', '9b2d6454-d890-4614-b981-b8e867959dde'),
 ('24', '24', 'en_nz', 'group-6frontal', NULL, '1', '2018-02-02 09:30:49', '2018-02-02 09:30:49', '0d5bc726-d343-4e4f-a1f2-4d15b344d81f'),
 ('25', '25', 'en_nz', 'group-3brunch', NULL, '1', '2018-02-02 09:32:07', '2018-02-02 09:32:07', '4b428c63-f78d-4c16-95a8-cd8b0bf3ce47'),
 ('26', '26', 'en_nz', 'group-3fk', NULL, '1', '2018-02-02 09:32:09', '2018-02-02 09:32:09', '8942f52b-d197-47d7-8c48-4cf76e884f82'),
 ('27', '27', 'en_nz', 'group-3nrp', NULL, '1', '2018-02-02 09:32:11', '2018-02-02 09:32:11', '02498615-4b6a-4e87-bd17-d3d2e9a7243a'),
 ('28', '28', 'en_nz', 'group-3tasman', NULL, '1', '2018-02-02 09:32:12', '2018-02-02 09:32:12', '8ecb7363-4b10-4202-b05e-980c483ad07a'),
 ('29', '29', 'en_nz', 'group-3tpp', NULL, '1', '2018-02-02 09:32:13', '2018-02-02 09:32:13', 'fbf24b3a-baf0-4c01-9784-da1550ba18c7'),
 ('30', '30', 'en_nz', 'group-4brunch', NULL, '1', '2018-02-02 09:32:15', '2018-02-02 09:32:15', '533b280d-b653-4b3b-953e-c2fe7d416a64'),
 ('31', '31', 'en_nz', 'group-4fk', NULL, '1', '2018-02-02 09:32:16', '2018-02-02 09:32:16', 'eba7e5fc-6ab2-48ed-9166-b41c19009a8c'),
 ('32', '32', 'en_nz', 'group-4nrp', NULL, '1', '2018-02-02 09:32:18', '2018-02-02 09:32:18', '0298bd35-c9a6-42ed-9792-4a6c78f53b18'),
 ('33', '33', 'en_nz', 'group-4tasman', NULL, '1', '2018-02-02 09:32:19', '2018-02-02 09:32:19', 'e5005afc-6c2b-4b9b-a79a-59673566c32f'),
 ('34', '34', 'en_nz', 'group-4tpp', NULL, '1', '2018-02-02 09:32:21', '2018-02-02 09:32:21', '9b80a99e-ade0-43b3-8183-ee1d21ee8ae4'),
 ('35', '35', 'en_nz', 'group-5brunch', NULL, '1', '2018-02-02 09:32:22', '2018-02-02 09:32:22', '3d1cc5b4-2c61-418b-a377-043bc8c8fc0d'),
 ('36', '36', 'en_nz', 'group-5fk', NULL, '1', '2018-02-02 09:32:24', '2018-02-02 09:32:24', '594a91a0-4159-4b7c-b3b2-2adb535bc71e'),
 ('37', '37', 'en_nz', 'group-5nrp', NULL, '1', '2018-02-02 09:32:26', '2018-02-02 09:32:26', 'a59179e8-1d77-4d0d-b95a-71b2dd718da3'),
 ('38', '38', 'en_nz', 'group-5tasman', NULL, '1', '2018-02-02 09:32:27', '2018-02-02 09:32:27', '45f1c7e0-56ca-4861-b949-f15d12e715e3'),
 ('39', '39', 'en_nz', 'group-5tpp', NULL, '1', '2018-02-02 09:32:28', '2018-02-02 09:32:28', 'b9bde530-dd9c-47dc-b1aa-d49fd0d27fb5');



DROP TABLE IF EXISTS `craft_emailmessages`;


--
-- Schema for table `craft_emailmessages`
--
CREATE TABLE `craft_emailmessages` (
  `id` int(11) NOT NULL AUTO_INCREMENT,
  `key` char(150) COLLATE utf8_unicode_ci NOT NULL,
  `locale` char(12) COLLATE utf8_unicode_ci NOT NULL,
  `subject` varchar(1000) COLLATE utf8_unicode_ci NOT NULL,
  `body` text COLLATE utf8_unicode_ci NOT NULL,
  `dateCreated` datetime NOT NULL,
  `dateUpdated` datetime NOT NULL,
  `uid` char(36) COLLATE utf8_unicode_ci NOT NULL DEFAULT '0',
  PRIMARY KEY (`id`),
  UNIQUE KEY `craft_emailmessages_key_locale_unq_idx` (`key`,`locale`),
  KEY `craft_emailmessages_locale_fk` (`locale`)
) ENGINE=InnoDB DEFAULT CHARSET=utf8 COLLATE=utf8_unicode_ci;

DROP TABLE IF EXISTS `craft_entries`;


--
-- Schema for table `craft_entries`
--
CREATE TABLE `craft_entries` (
  `id` int(11) NOT NULL,
  `sectionId` int(11) NOT NULL,
  `typeId` int(11) DEFAULT NULL,
  `authorId` int(11) DEFAULT NULL,
  `postDate` datetime DEFAULT NULL,
  `expiryDate` datetime DEFAULT NULL,
  `dateCreated` datetime NOT NULL,
  `dateUpdated` datetime NOT NULL,
  `uid` char(36) COLLATE utf8_unicode_ci NOT NULL DEFAULT '0',
  PRIMARY KEY (`id`),
  KEY `craft_entries_sectionId_idx` (`sectionId`),
  KEY `craft_entries_typeId_idx` (`typeId`),
  KEY `craft_entries_postDate_idx` (`postDate`),
  KEY `craft_entries_expiryDate_idx` (`expiryDate`),
  KEY `craft_entries_authorId_fk` (`authorId`)
) ENGINE=InnoDB DEFAULT CHARSET=utf8 COLLATE=utf8_unicode_ci;

--
-- Data for table `craft_entries`
--

INSERT INTO `craft_entries` (`id`, `sectionId`, `typeId`, `authorId`, `postDate`, `expiryDate`, `dateCreated`, `dateUpdated`, `uid`) VALUES
 ('6', '4', '4', NULL, '2018-02-02 09:48:17', NULL, '2018-02-01 10:18:33', '2018-02-02 09:48:17', '027e51aa-fcc5-4380-a520-0b005397973d'),
 ('7', '3', '3', '1', '2018-02-01 10:29:00', NULL, '2018-02-01 10:29:49', '2018-02-02 09:31:30', 'c291ebc0-8371-4b7d-823a-e90c2319a0e8'),
 ('8', '3', '3', '1', '2018-02-02 04:52:00', NULL, '2018-02-02 04:52:50', '2018-02-02 09:33:12', '52a44eff-a0e5-4858-98ef-0a6ba2ad129b'),
 ('9', '3', '3', '1', '2018-02-02 04:53:00', NULL, '2018-02-02 04:53:52', '2018-02-02 09:34:10', '90296a83-aac0-4527-8dc4-27bcae54eec3'),
 ('10', '3', '3', '1', '2018-02-02 04:54:00', NULL, '2018-02-02 04:54:38', '2018-02-02 09:34:57', '685462a8-642b-4c64-9078-6db7ea9082f3'),
 ('11', '3', '3', '1', '2018-02-02 04:55:00', NULL, '2018-02-02 04:55:37', '2018-02-02 09:35:48', 'f4c3dab6-271a-4f03-9c32-4cc968452adf'),
 ('12', '3', '3', '1', '2018-02-02 04:56:00', NULL, '2018-02-02 04:56:22', '2018-02-02 09:36:31', '06758ca4-0584-45ac-9646-afdfb897ddcc');



DROP TABLE IF EXISTS `craft_entrydrafts`;


--
-- Schema for table `craft_entrydrafts`
--
CREATE TABLE `craft_entrydrafts` (
  `id` int(11) NOT NULL AUTO_INCREMENT,
  `entryId` int(11) NOT NULL,
  `sectionId` int(11) NOT NULL,
  `creatorId` int(11) NOT NULL,
  `locale` char(12) COLLATE utf8_unicode_ci NOT NULL,
  `name` varchar(255) COLLATE utf8_unicode_ci NOT NULL,
  `notes` tinytext COLLATE utf8_unicode_ci,
  `data` mediumtext COLLATE utf8_unicode_ci NOT NULL,
  `dateCreated` datetime NOT NULL,
  `dateUpdated` datetime NOT NULL,
  `uid` char(36) COLLATE utf8_unicode_ci NOT NULL DEFAULT '0',
  PRIMARY KEY (`id`),
  KEY `craft_entrydrafts_entryId_locale_idx` (`entryId`,`locale`),
  KEY `craft_entrydrafts_sectionId_fk` (`sectionId`),
  KEY `craft_entrydrafts_creatorId_fk` (`creatorId`),
  KEY `craft_entrydrafts_locale_fk` (`locale`)
) ENGINE=InnoDB DEFAULT CHARSET=utf8 COLLATE=utf8_unicode_ci;

DROP TABLE IF EXISTS `craft_entrytypes`;


--
-- Schema for table `craft_entrytypes`
--
CREATE TABLE `craft_entrytypes` (
  `id` int(11) NOT NULL AUTO_INCREMENT,
  `sectionId` int(11) NOT NULL,
  `fieldLayoutId` int(11) DEFAULT NULL,
  `name` varchar(255) COLLATE utf8_unicode_ci NOT NULL,
  `handle` varchar(255) COLLATE utf8_unicode_ci NOT NULL,
  `hasTitleField` tinyint(1) unsigned NOT NULL DEFAULT '1',
  `titleLabel` varchar(255) COLLATE utf8_unicode_ci DEFAULT 'Title',
  `titleFormat` varchar(255) COLLATE utf8_unicode_ci DEFAULT NULL,
  `sortOrder` smallint(6) unsigned DEFAULT NULL,
  `dateCreated` datetime NOT NULL,
  `dateUpdated` datetime NOT NULL,
  `uid` char(36) COLLATE utf8_unicode_ci NOT NULL DEFAULT '0',
  PRIMARY KEY (`id`),
  UNIQUE KEY `craft_entrytypes_name_sectionId_unq_idx` (`name`,`sectionId`),
  UNIQUE KEY `craft_entrytypes_handle_sectionId_unq_idx` (`handle`,`sectionId`),
  KEY `craft_entrytypes_sectionId_fk` (`sectionId`),
  KEY `craft_entrytypes_fieldLayoutId_fk` (`fieldLayoutId`)
) ENGINE=InnoDB AUTO_INCREMENT=5 DEFAULT CHARSET=utf8 COLLATE=utf8_unicode_ci;

--
-- Data for table `craft_entrytypes`
--

INSERT INTO `craft_entrytypes` (`id`, `sectionId`, `fieldLayoutId`, `name`, `handle`, `hasTitleField`, `titleLabel`, `titleFormat`, `sortOrder`, `dateCreated`, `dateUpdated`, `uid`) VALUES
 ('3', '3', '16', 'Case Studies', 'caseStudies', '1', 'Title', NULL, '1', '2018-02-01 09:04:39', '2018-02-02 04:58:20', 'a9e267a7-78df-4ab5-931f-98761cb396ed'),
 ('4', '4', '23', 'Home', 'home', '0', NULL, '{section.name|raw}', '1', '2018-02-01 10:18:33', '2018-02-02 09:48:48', '8d04c717-8c52-4060-8bf6-8f62fd63115a');



DROP TABLE IF EXISTS `craft_entryversions`;


--
-- Schema for table `craft_entryversions`
--
CREATE TABLE `craft_entryversions` (
  `id` int(11) NOT NULL AUTO_INCREMENT,
  `entryId` int(11) NOT NULL,
  `sectionId` int(11) NOT NULL,
  `creatorId` int(11) DEFAULT NULL,
  `locale` char(12) COLLATE utf8_unicode_ci NOT NULL,
  `num` smallint(6) unsigned NOT NULL,
  `notes` tinytext COLLATE utf8_unicode_ci,
  `data` mediumtext COLLATE utf8_unicode_ci NOT NULL,
  `dateCreated` datetime NOT NULL,
  `dateUpdated` datetime NOT NULL,
  `uid` char(36) COLLATE utf8_unicode_ci NOT NULL DEFAULT '0',
  PRIMARY KEY (`id`),
  KEY `craft_entryversions_entryId_locale_idx` (`entryId`,`locale`),
  KEY `craft_entryversions_sectionId_fk` (`sectionId`),
  KEY `craft_entryversions_creatorId_fk` (`creatorId`),
  KEY `craft_entryversions_locale_fk` (`locale`)
) ENGINE=InnoDB AUTO_INCREMENT=29 DEFAULT CHARSET=utf8 COLLATE=utf8_unicode_ci;

--
-- Data for table `craft_entryversions`
--

INSERT INTO `craft_entryversions` (`id`, `entryId`, `sectionId`, `creatorId`, `locale`, `num`, `notes`, `data`, `dateCreated`, `dateUpdated`, `uid`) VALUES
 ('5', '6', '4', '1', 'en_nz', '1', NULL, '{\"typeId\":\"4\",\"authorId\":null,\"title\":\"Home\",\"slug\":\"home\",\"postDate\":1517480313,\"expiryDate\":null,\"enabled\":1,\"parentId\":null,\"fields\":[]}', '2018-02-01 10:18:33', '2018-02-01 10:18:33', '8cb81c2f-cc75-455b-9414-ed5c72247be8'),
 ('6', '6', '4', '1', 'en_nz', '2', '', '{\"typeId\":null,\"authorId\":null,\"title\":\"Home\",\"slug\":\"home\",\"postDate\":1517480313,\"expiryDate\":null,\"enabled\":1,\"parentId\":null,\"fields\":{\"12\":\"Hi, I\\u2019m Jenny \\u2014 web designer, bicycle rider, enthusiastic coder, snow lover & quiet achiever.\\r\\n\",\"14\":\"\",\"13\":\"\"}}', '2018-02-01 10:28:08', '2018-02-01 10:28:08', '5135534c-af1e-4c22-a9c4-756c16dd29cb'),
 ('7', '7', '3', '1', 'en_nz', '1', '', '{\"typeId\":null,\"authorId\":\"1\",\"title\":\"Frontal Lobe\",\"slug\":\"frontal-lobe\",\"postDate\":1517480989,\"expiryDate\":null,\"enabled\":1,\"parentId\":\"\",\"fields\":{\"5\":\"\",\"8\":\"Frontal Lobe is an up and coming business who came to Big Boy Websites for a website to showcase what they have to offer \\u2014 designing and building beautiful, sustainable designs using bamboo and scrap wood.\",\"11\":\"\",\"6\":\"\",\"9\":\"The website was broken down into the different sections required \\u2014 information about the team, an online shop, contact information and links to their social media. This information combined with beautiful, high-quality imagery was able to convey the company ethos.\",\"4\":\"Web Design\",\"7\":\"\",\"10\":\"With the launch of the website, Frontal Lobe was able to make their mark as a progressive, socially-minded business based on sustainability and have an online outlet for their creations.\"}}', '2018-02-01 10:29:49', '2018-02-01 10:29:49', 'c21997bf-041b-4ca6-a436-4d0b9302bd7e'),
 ('8', '6', '4', '1', 'en_nz', '3', '', '{\"typeId\":null,\"authorId\":null,\"title\":\"Home\",\"slug\":\"home\",\"postDate\":1517480313,\"expiryDate\":null,\"enabled\":1,\"parentId\":null,\"fields\":{\"12\":\"Hi, I\\u2019m Jenny \\u2014 web designer, bicycle rider, enthusiastic coder, snow lover & quiet achiever.\\r\\n\",\"14\":\"\",\"13\":\"\"}}', '2018-02-01 10:30:42', '2018-02-01 10:30:42', '7157e039-464d-4c73-adbd-64ab97c2cab4'),
 ('9', '7', '3', '1', 'en_nz', '2', '', '{\"typeId\":\"3\",\"authorId\":\"1\",\"title\":\"Frontal Lobe\",\"slug\":\"frontal-lobe\",\"postDate\":1517480940,\"expiryDate\":null,\"enabled\":1,\"parentId\":\"\",\"fields\":{\"5\":\"\",\"8\":\"Frontal Lobe is an up and coming business who came to Big Boy Websites for a website to showcase what they have to offer \\u2014 designing and building beautiful, sustainable designs using bamboo and scrap wood.\",\"11\":\"\",\"6\":\"\",\"9\":\"The website was broken down into the different sections required \\u2014 information about the team, an online shop, contact information and links to their social media. This information combined with beautiful, high-quality imagery was able to convey the company ethos.\",\"4\":\"Web Design\",\"7\":\"\",\"10\":\"With the launch of the website, Frontal Lobe was able to make their mark as a progressive, socially-minded business based on sustainability and have an online outlet for their creations.\"}}', '2018-02-02 04:51:53', '2018-02-02 04:51:53', '78b01805-ff1d-4002-b043-5a22c1af137e'),
 ('10', '8', '3', '1', 'en_nz', '1', '', '{\"typeId\":null,\"authorId\":\"1\",\"title\":\"Bruncher\",\"slug\":\"bruncher\",\"postDate\":1517547170,\"expiryDate\":null,\"enabled\":1,\"parentId\":\"\",\"fields\":{\"5\":\"\",\"8\":\"In post-quake Christchurch, I often found myself spending far too much of my time driving around the CBD hoping to find a cafe that was open for Brunch. That\\u2019s why I created Bruncher.\",\"11\":\"\",\"6\":\"\",\"9\":\"When designing Bruncher it was important that the app gave real-time information on nearby cafes, with open\\/close information, detailed directions and was easy to use on mobile devices. \\r\\n\\r\\nUsing the Google Maps Javascript API in conjunction with the Materialise CSS framework I was able to do all these things.\",\"4\":\"Google Maps API, UI, Materialize\",\"7\":\"\",\"10\":\"The app has an easy-to-use interface which allows users to locate local cafes via geolocation or manual input and determine whether they are open or closed. The app also offers the users detailed directions and is responsive across a range of devices.\"}}', '2018-02-02 04:52:50', '2018-02-02 04:52:50', 'f9ea58a3-cfe7-417b-a5eb-4e151eabe505'),
 ('11', '9', '3', '1', 'en_nz', '1', '', '{\"typeId\":null,\"authorId\":\"1\",\"title\":\"The Perfect Pour\",\"slug\":\"the-perfect-pour\",\"postDate\":1517547232,\"expiryDate\":null,\"enabled\":1,\"parentId\":\"\",\"fields\":{\"5\":\"\",\"8\":\"While there are a lot of websites that review cafes, the emphasis is often on the overall cafe experience as opposed to the quality of the coffee served. The Perfect Pour is a website where users can register an account and leave reviews about the coffee at local cafes.\",\"11\":\"\",\"6\":\"\",\"9\":\"In order to create a review website, it was important that the site was able to handle a variety of different modes of functionality. The website is a basic CRUD (Create, Read, Update, Delete) app built using PHP with no framework. \\r\\n\",\"4\":\"PHP, Bootstrap, CRUD\",\"7\":\"\",\"10\":\"The site is styled using a heavily customised Bootstrap which allows the site to maintain responsiveness across different device widths so users can leave reviews while they are on-the-go.\"}}', '2018-02-02 04:53:52', '2018-02-02 04:53:52', 'c866bd4d-03d2-48ce-8e7c-e0133c392e2b'),
 ('12', '10', '3', '1', 'en_nz', '1', '', '{\"typeId\":null,\"authorId\":\"1\",\"title\":\"Forest Karts\",\"slug\":\"forest-karts\",\"postDate\":1517547278,\"expiryDate\":null,\"enabled\":1,\"parentId\":\"\",\"fields\":{\"5\":\"\",\"8\":\"Forest Karts came to Big Boy Websites with an exciting new business project \\u2014 outdoor go-karting in a picturesque Canterbury forest location. As a new business, they needed a website to show potential customers what they have to offer.\",\"11\":\"\",\"6\":\"\",\"9\":\"The website design was broken down into different sections \\u2014 go-karting packages on offer, health and safety information, a reliable way to contact them and information about the team behind Forest Karts.\",\"4\":\"Web Design\",\"7\":\"\",\"10\":\"With the brief in hand, I created a fun and informative website that reflected the business they were in. Lots of fun little design details combined with forest and go-kart imagery complete with a mobile site to ensure accessibility on the go.\"}}', '2018-02-02 04:54:38', '2018-02-02 04:54:38', 'bef91b4e-0479-465c-9ec9-98d2a40ed94a'),
 ('13', '11', '3', '1', 'en_nz', '1', '', '{\"typeId\":null,\"authorId\":\"1\",\"title\":\"Natalie Rose Photography\",\"slug\":\"natalie-rose-photography\",\"postDate\":1517547337,\"expiryDate\":null,\"enabled\":1,\"parentId\":\"\",\"fields\":{\"5\":\"\",\"8\":\"Natalie is a young Christchurch-based photographer with a passion for shooting astrophotography and local events. She needed a website to showcase her talents, sell prints and a way for potential customers to get in contact. \",\"11\":\"\",\"6\":\"\",\"9\":\"As Natalie is a freelance photographer it was important that she was able to self-manage the content on the site and upload new images to her portfolio as required. It was clear that in order to do this a CMS was required.\",\"4\":\"WordPress Development, WooCommerce \",\"7\":\"\",\"10\":\"In order to give her a customisable site, I created a one-of-a-kind Wordpress template which allows her to self-manage the WooCommerce shop and make updates to all aspects of the site as needed. \"}}', '2018-02-02 04:55:37', '2018-02-02 04:55:37', '58789972-25dd-45a8-a9f4-920ad978dc0e'),
 ('14', '12', '3', '1', 'en_nz', '1', '', '{\"typeId\":null,\"authorId\":\"1\",\"title\":\"tasman.io\",\"slug\":\"tasman-io\",\"postDate\":1517547381,\"expiryDate\":null,\"enabled\":1,\"parentId\":\"\",\"fields\":{\"5\":\"\",\"8\":\"Custom D had been working on an in-house task management app for quite a while and it was now time to gather public interest about the upcoming Beta launch of the application.\",\"11\":\"\",\"6\":\"\",\"9\":\"We designed a one-page SilverStripe website to attract beta testers which gave details about the product on offer and the range of benefits that it would provide small businesses.\",\"4\":\"SilverStripe, MailChimp, Web Design\",\"7\":\"\",\"10\":\"In order to gather public interest, a simple input field was added to the site for users to subscribe. The input field linked to a MailChimp mail list where users were regularly updated with the latest information regarding the Beta release of the app.\"}}', '2018-02-02 04:56:22', '2018-02-02 04:56:22', 'e2ea5475-47a0-41b0-9e34-1093ea3614ec'),
 ('15', '7', '3', '1', 'en_nz', '3', '', '{\"typeId\":\"3\",\"authorId\":\"1\",\"title\":\"Frontal Lobe\",\"slug\":\"frontal-lobe\",\"postDate\":1517480940,\"expiryDate\":null,\"enabled\":1,\"parentId\":\"\",\"fields\":{\"15\":[\"17\"],\"5\":\"\",\"8\":\"Frontal Lobe is an up and coming business who came to Big Boy Websites for a website to showcase what they have to offer \\u2014 designing and building beautiful, sustainable designs using bamboo and scrap wood.\",\"11\":\"\",\"6\":\"\",\"9\":\"The website was broken down into the different sections required \\u2014 information about the team, an online shop, contact information and links to their social media. This information combined with beautiful, high-quality imagery was able to convey the company ethos.\",\"4\":\"Web Design\",\"7\":\"\",\"10\":\"With the launch of the website, Frontal Lobe was able to make their mark as a progressive, socially-minded business based on sustainability and have an online outlet for their creations.\"}}', '2018-02-02 05:18:19', '2018-02-02 05:18:19', 'a017bc39-9fa9-41a2-a653-953c534d7f56'),
 ('16', '7', '3', '1', 'en_nz', '4', '', '{\"typeId\":\"3\",\"authorId\":\"1\",\"title\":\"Frontal Lobe\",\"slug\":\"frontal-lobe\",\"postDate\":1517480940,\"expiryDate\":null,\"enabled\":1,\"parentId\":\"\",\"fields\":{\"15\":[\"15\"],\"5\":\"\",\"8\":\"Frontal Lobe is an up and coming business who came to Big Boy Websites for a website to showcase what they have to offer \\u2014 designing and building beautiful, sustainable designs using bamboo and scrap wood.\",\"11\":\"\",\"6\":\"\",\"9\":\"The website was broken down into the different sections required \\u2014 information about the team, an online shop, contact information and links to their social media. This information combined with beautiful, high-quality imagery was able to convey the company ethos.\",\"4\":\"Web Design\",\"7\":\"\",\"10\":\"With the launch of the website, Frontal Lobe was able to make their mark as a progressive, socially-minded business based on sustainability and have an online outlet for their creations.\"}}', '2018-02-02 05:18:35', '2018-02-02 05:18:35', 'afd8d7e7-6f2a-4283-93d8-c43e2bf26840'),
 ('17', '8', '3', '1', 'en_nz', '2', '', '{\"typeId\":\"3\",\"authorId\":\"1\",\"title\":\"Bruncher\",\"slug\":\"bruncher\",\"postDate\":1517547120,\"expiryDate\":null,\"enabled\":1,\"parentId\":\"\",\"fields\":{\"15\":[\"13\"],\"5\":\"\",\"8\":\"In post-quake Christchurch, I often found myself spending far too much of my time driving around the CBD hoping to find a cafe that was open for Brunch. That\\u2019s why I created Bruncher.\",\"11\":\"\",\"6\":\"\",\"9\":\"When designing Bruncher it was important that the app gave real-time information on nearby cafes, with open\\/close information, detailed directions and was easy to use on mobile devices. \\r\\n\\r\\nUsing the Google Maps Javascript API in conjunction with the Materialise CSS framework I was able to do all these things.\",\"4\":\"Google Maps API, UI, Materialize\",\"7\":\"\",\"10\":\"The app has an easy-to-use interface which allows users to locate local cafes via geolocation or manual input and determine whether they are open or closed. The app also offers the users detailed directions and is responsive across a range of devices.\"}}', '2018-02-02 05:18:47', '2018-02-02 05:18:47', 'ba87c567-23bd-403f-bc07-04cef13f5b6e'),
 ('18', '9', '3', '1', 'en_nz', '2', '', '{\"typeId\":\"3\",\"authorId\":\"1\",\"title\":\"The Perfect Pour\",\"slug\":\"the-perfect-pour\",\"postDate\":1517547180,\"expiryDate\":null,\"enabled\":1,\"parentId\":\"\",\"fields\":{\"15\":[\"18\"],\"5\":\"\",\"8\":\"While there are a lot of websites that review cafes, the emphasis is often on the overall cafe experience as opposed to the quality of the coffee served. The Perfect Pour is a website where users can register an account and leave reviews about the coffee at local cafes.\",\"11\":\"\",\"6\":\"\",\"9\":\"In order to create a review website, it was important that the site was able to handle a variety of different modes of functionality. The website is a basic CRUD (Create, Read, Update, Delete) app built using PHP with no framework. \\r\\n\",\"4\":\"PHP, Bootstrap, CRUD\",\"7\":\"\",\"10\":\"The site is styled using a heavily customised Bootstrap which allows the site to maintain responsiveness across different device widths so users can leave reviews while they are on-the-go.\"}}', '2018-02-02 05:19:00', '2018-02-02 05:19:00', 'a0435e2e-4e9c-4c94-bd24-ad2d38e90ef9'),
 ('19', '10', '3', '1', 'en_nz', '2', '', '{\"typeId\":\"3\",\"authorId\":\"1\",\"title\":\"Forest Karts\",\"slug\":\"forest-karts\",\"postDate\":1517547240,\"expiryDate\":null,\"enabled\":1,\"parentId\":\"\",\"fields\":{\"15\":[\"14\"],\"5\":\"\",\"8\":\"Forest Karts came to Big Boy Websites with an exciting new business project \\u2014 outdoor go-karting in a picturesque Canterbury forest location. As a new business, they needed a website to show potential customers what they have to offer.\",\"11\":\"\",\"6\":\"\",\"9\":\"The website design was broken down into different sections \\u2014 go-karting packages on offer, health and safety information, a reliable way to contact them and information about the team behind Forest Karts.\",\"4\":\"Web Design\",\"7\":\"\",\"10\":\"With the brief in hand, I created a fun and informative website that reflected the business they were in. Lots of fun little design details combined with forest and go-kart imagery complete with a mobile site to ensure accessibility on the go.\"}}', '2018-02-02 05:19:11', '2018-02-02 05:19:11', '57abbefe-35fc-46f0-84b6-463a002f877d'),
 ('20', '11', '3', '1', 'en_nz', '2', '', '{\"typeId\":\"3\",\"authorId\":\"1\",\"title\":\"Natalie Rose Photography\",\"slug\":\"natalie-rose-photography\",\"postDate\":1517547300,\"expiryDate\":null,\"enabled\":1,\"parentId\":\"\",\"fields\":{\"15\":[\"16\"],\"5\":\"\",\"8\":\"Natalie is a young Christchurch-based photographer with a passion for shooting astrophotography and local events. She needed a website to showcase her talents, sell prints and a way for potential customers to get in contact. \",\"11\":\"\",\"6\":\"\",\"9\":\"As Natalie is a freelance photographer it was important that she was able to self-manage the content on the site and upload new images to her portfolio as required. It was clear that in order to do this a CMS was required.\",\"4\":\"WordPress Development, WooCommerce \",\"7\":\"\",\"10\":\"In order to give her a customisable site, I created a one-of-a-kind Wordpress template which allows her to self-manage the WooCommerce shop and make updates to all aspects of the site as needed. \"}}', '2018-02-02 05:19:25', '2018-02-02 05:19:25', 'd6eb3170-6118-4686-952a-43e199cefc1d'),
 ('21', '12', '3', '1', 'en_nz', '2', '', '{\"typeId\":\"3\",\"authorId\":\"1\",\"title\":\"tasman.io\",\"slug\":\"tasman-io\",\"postDate\":1517547360,\"expiryDate\":null,\"enabled\":1,\"parentId\":\"\",\"fields\":{\"15\":[\"17\"],\"5\":\"\",\"8\":\"Custom D had been working on an in-house task management app for quite a while and it was now time to gather public interest about the upcoming Beta launch of the application.\",\"11\":\"\",\"6\":\"\",\"9\":\"We designed a one-page SilverStripe website to attract beta testers which gave details about the product on offer and the range of benefits that it would provide small businesses.\",\"4\":\"SilverStripe, MailChimp, Web Design\",\"7\":\"\",\"10\":\"In order to gather public interest, a simple input field was added to the site for users to subscribe. The input field linked to a MailChimp mail list where users were regularly updated with the latest information regarding the Beta release of the app.\"}}', '2018-02-02 05:19:47', '2018-02-02 05:19:47', '4e10e640-95b9-4d75-9d6e-d9083e6839b9'),
 ('22', '7', '3', '1', 'en_nz', '5', '', '{\"typeId\":\"3\",\"authorId\":\"1\",\"title\":\"Frontal Lobe\",\"slug\":\"frontal-lobe\",\"postDate\":1517480940,\"expiryDate\":null,\"enabled\":1,\"parentId\":\"\",\"fields\":{\"15\":[\"15\"],\"5\":[\"22\"],\"8\":\"Frontal Lobe is an up and coming business who came to Big Boy Websites for a website to showcase what they have to offer \\u2014 designing and building beautiful, sustainable designs using bamboo and scrap wood.\",\"11\":[\"8\"],\"6\":[\"23\"],\"9\":\"The website was broken down into the different sections required \\u2014 information about the team, an online shop, contact information and links to their social media. This information combined with beautiful, high-quality imagery was able to convey the company ethos.\",\"4\":\"Web Design\",\"7\":[\"24\"],\"10\":\"With the launch of the website, Frontal Lobe was able to make their mark as a progressive, socially-minded business based on sustainability and have an online outlet for their creations.\"}}', '2018-02-02 09:31:30', '2018-02-02 09:31:30', '6e77a69c-abdf-4d15-8ea8-88f49579e667'),
 ('23', '8', '3', '1', 'en_nz', '3', '', '{\"typeId\":\"3\",\"authorId\":\"1\",\"title\":\"Bruncher\",\"slug\":\"bruncher\",\"postDate\":1517547120,\"expiryDate\":null,\"enabled\":1,\"parentId\":\"\",\"fields\":{\"15\":[\"13\"],\"5\":[\"35\"],\"8\":\"In post-quake Christchurch, I often found myself spending far too much of my time driving around the CBD hoping to find a cafe that was open for Brunch. That\\u2019s why I created Bruncher.\",\"11\":[\"9\"],\"6\":[\"30\"],\"9\":\"When designing Bruncher it was important that the app gave real-time information on nearby cafes, with open\\/close information, detailed directions and was easy to use on mobile devices. \\r\\n\\r\\nUsing the Google Maps Javascript API in conjunction with the Materialise CSS framework I was able to do all these things.\",\"4\":\"Google Maps API, UI, Materialize\",\"7\":[\"25\"],\"10\":\"The app has an easy-to-use interface which allows users to locate local cafes via geolocation or manual input and determine whether they are open or closed. The app also offers the users detailed directions and is responsive across a range of devices.\"}}', '2018-02-02 09:33:12', '2018-02-02 09:33:12', '40d6ad8d-f805-4b93-ad3e-874214a296a7'),
 ('24', '9', '3', '1', 'en_nz', '3', '', '{\"typeId\":\"3\",\"authorId\":\"1\",\"title\":\"The Perfect Pour\",\"slug\":\"the-perfect-pour\",\"postDate\":1517547180,\"expiryDate\":null,\"enabled\":1,\"parentId\":\"\",\"fields\":{\"15\":[\"18\"],\"5\":[\"29\"],\"8\":\"While there are a lot of websites that review cafes, the emphasis is often on the overall cafe experience as opposed to the quality of the coffee served. The Perfect Pour is a website where users can register an account and leave reviews about the coffee at local cafes.\",\"11\":[\"10\"],\"6\":[\"34\"],\"9\":\"In order to create a review website, it was important that the site was able to handle a variety of different modes of functionality. The website is a basic CRUD (Create, Read, Update, Delete) app built using PHP with no framework. \\r\\n\",\"4\":\"PHP, Bootstrap, CRUD\",\"7\":[\"39\"],\"10\":\"The site is styled using a heavily customised Bootstrap which allows the site to maintain responsiveness across different device widths so users can leave reviews while they are on-the-go.\"}}', '2018-02-02 09:34:10', '2018-02-02 09:34:10', '9a422696-77c1-48fe-975c-1e657e8dd34d'),
 ('25', '10', '3', '1', 'en_nz', '3', '', '{\"typeId\":\"3\",\"authorId\":\"1\",\"title\":\"Forest Karts\",\"slug\":\"forest-karts\",\"postDate\":1517547240,\"expiryDate\":null,\"enabled\":1,\"parentId\":\"\",\"fields\":{\"15\":[\"14\"],\"5\":[\"26\"],\"8\":\"Forest Karts came to Big Boy Websites with an exciting new business project \\u2014 outdoor go-karting in a picturesque Canterbury forest location. As a new business, they needed a website to show potential customers what they have to offer.\",\"11\":[\"11\"],\"6\":[\"31\"],\"9\":\"The website design was broken down into different sections \\u2014 go-karting packages on offer, health and safety information, a reliable way to contact them and information about the team behind Forest Karts.\",\"4\":\"Web Design\",\"7\":[\"36\"],\"10\":\"With the brief in hand, I created a fun and informative website that reflected the business they were in. Lots of fun little design details combined with forest and go-kart imagery complete with a mobile site to ensure accessibility on the go.\"}}', '2018-02-02 09:34:57', '2018-02-02 09:34:57', '1e1a3a29-7c06-4d48-a3eb-43f760e470e5'),
 ('26', '11', '3', '1', 'en_nz', '3', '', '{\"typeId\":\"3\",\"authorId\":\"1\",\"title\":\"Natalie Rose Photography\",\"slug\":\"natalie-rose-photography\",\"postDate\":1517547300,\"expiryDate\":null,\"enabled\":1,\"parentId\":\"\",\"fields\":{\"15\":[\"16\"],\"5\":[\"27\"],\"8\":\"Natalie is a young Christchurch-based photographer with a passion for shooting astrophotography and local events. She needed a website to showcase her talents, sell prints and a way for potential customers to get in contact. \",\"11\":[\"12\"],\"6\":[\"32\"],\"9\":\"As Natalie is a freelance photographer it was important that she was able to self-manage the content on the site and upload new images to her portfolio as required. It was clear that in order to do this a CMS was required.\",\"4\":\"WordPress Development, WooCommerce \",\"7\":[\"37\"],\"10\":\"In order to give her a customisable site, I created a one-of-a-kind Wordpress template which allows her to self-manage the WooCommerce shop and make updates to all aspects of the site as needed. \"}}', '2018-02-02 09:35:48', '2018-02-02 09:35:48', '8f9cc2cb-1217-4403-8355-7b0c5106ac33'),
 ('27', '12', '3', '1', 'en_nz', '3', '', '{\"typeId\":\"3\",\"authorId\":\"1\",\"title\":\"tasman.io\",\"slug\":\"tasman-io\",\"postDate\":1517547360,\"expiryDate\":null,\"enabled\":1,\"parentId\":\"\",\"fields\":{\"15\":[\"17\"],\"5\":[\"28\"],\"8\":\"Custom D had been working on an in-house task management app for quite a while and it was now time to gather public interest about the upcoming Beta launch of the application.\",\"11\":[\"7\"],\"6\":[\"33\"],\"9\":\"We designed a one-page SilverStripe website to attract beta testers which gave details about the product on offer and the range of benefits that it would provide small businesses.\",\"4\":\"SilverStripe, MailChimp, Web Design\",\"7\":[\"38\"],\"10\":\"In order to gather public interest, a simple input field was added to the site for users to subscribe. The input field linked to a MailChimp mail list where users were regularly updated with the latest information regarding the Beta release of the app.\"}}', '2018-02-02 09:36:31', '2018-02-02 09:36:31', '639b5e79-d92b-4148-b8fc-b307d65a006f'),
 ('28', '6', '4', '1', 'en_nz', '4', '', '{\"typeId\":null,\"authorId\":null,\"title\":\"Home\",\"slug\":\"home\",\"postDate\":1517480313,\"expiryDate\":null,\"enabled\":1,\"parentId\":null,\"fields\":{\"12\":\"Hi, I\\u2019m Jenny \\u2014 web designer, bicycle rider, enthusiastic coder, snow lover & quiet achiever.\\r\\n\",\"13\":[\"19\"]}}', '2018-02-02 09:43:24', '2018-02-02 09:43:24', 'a3be5b45-ccd1-4d81-a49f-bfab8f52871f');



DROP TABLE IF EXISTS `craft_fieldgroups`;


--
-- Schema for table `craft_fieldgroups`
--
CREATE TABLE `craft_fieldgroups` (
  `id` int(11) NOT NULL AUTO_INCREMENT,
  `name` varchar(255) COLLATE utf8_unicode_ci NOT NULL,
  `dateCreated` datetime NOT NULL,
  `dateUpdated` datetime NOT NULL,
  `uid` char(36) COLLATE utf8_unicode_ci NOT NULL DEFAULT '0',
  PRIMARY KEY (`id`),
  UNIQUE KEY `craft_fieldgroups_name_unq_idx` (`name`)
) ENGINE=InnoDB AUTO_INCREMENT=4 DEFAULT CHARSET=utf8 COLLATE=utf8_unicode_ci;

--
-- Data for table `craft_fieldgroups`
--

INSERT INTO `craft_fieldgroups` (`id`, `name`, `dateCreated`, `dateUpdated`, `uid`) VALUES
 ('1', 'Default', '2018-01-30 09:53:54', '2018-01-30 09:53:54', '37fa3df4-c6f4-4d7c-89fd-2725849af791'),
 ('2', 'Case Study', '2018-02-01 09:13:28', '2018-02-01 09:13:28', 'bcdface0-c5a5-4103-a9be-264604415980'),
 ('3', 'Home', '2018-02-01 10:19:55', '2018-02-01 10:19:55', '60510f7e-41db-4640-aa08-1193b1dc2ee1');



DROP TABLE IF EXISTS `craft_fieldlayoutfields`;


--
-- Schema for table `craft_fieldlayoutfields`
--
CREATE TABLE `craft_fieldlayoutfields` (
  `id` int(11) NOT NULL AUTO_INCREMENT,
  `layoutId` int(11) NOT NULL,
  `tabId` int(11) NOT NULL,
  `fieldId` int(11) NOT NULL,
  `required` tinyint(1) unsigned NOT NULL DEFAULT '0',
  `sortOrder` smallint(6) unsigned DEFAULT NULL,
  `dateCreated` datetime NOT NULL,
  `dateUpdated` datetime NOT NULL,
  `uid` char(36) COLLATE utf8_unicode_ci NOT NULL DEFAULT '0',
  PRIMARY KEY (`id`),
  UNIQUE KEY `craft_fieldlayoutfields_layoutId_fieldId_unq_idx` (`layoutId`,`fieldId`),
  KEY `craft_fieldlayoutfields_sortOrder_idx` (`sortOrder`),
  KEY `craft_fieldlayoutfields_tabId_fk` (`tabId`),
  KEY `craft_fieldlayoutfields_fieldId_fk` (`fieldId`)
) ENGINE=InnoDB AUTO_INCREMENT=39 DEFAULT CHARSET=utf8 COLLATE=utf8_unicode_ci;

--
-- Data for table `craft_fieldlayoutfields`
--

INSERT INTO `craft_fieldlayoutfields` (`id`, `layoutId`, `tabId`, `fieldId`, `required`, `sortOrder`, `dateCreated`, `dateUpdated`, `uid`) VALUES
 ('27', '16', '8', '15', '0', '1', '2018-02-02 04:58:20', '2018-02-02 04:58:20', '20fb6d35-8be7-4cf1-8042-0e0a0f8ebc19'),
 ('28', '16', '8', '4', '1', '2', '2018-02-02 04:58:20', '2018-02-02 04:58:20', '35bd766b-052f-4489-8cdf-28770d221f30'),
 ('29', '16', '8', '5', '0', '3', '2018-02-02 04:58:20', '2018-02-02 04:58:20', 'b35e4fc1-4047-459c-a871-fe19cec3e170'),
 ('30', '16', '8', '8', '0', '4', '2018-02-02 04:58:20', '2018-02-02 04:58:20', '0e37ad7f-ff21-47a3-95c1-aef610be98fb'),
 ('31', '16', '8', '6', '0', '5', '2018-02-02 04:58:20', '2018-02-02 04:58:20', '161cba13-f4ba-462f-b110-b8997c43355b'),
 ('32', '16', '8', '9', '0', '6', '2018-02-02 04:58:20', '2018-02-02 04:58:20', '3a13ddbe-c175-4acc-8cf5-a65a8ce6ba90'),
 ('33', '16', '8', '7', '0', '7', '2018-02-02 04:58:20', '2018-02-02 04:58:20', '9d621209-3e48-4fe3-a0c9-b8039cdd126c'),
 ('34', '16', '8', '10', '0', '8', '2018-02-02 04:58:20', '2018-02-02 04:58:20', '6e20ab33-2e93-4810-a7c7-aea08a8f51e9'),
 ('35', '16', '8', '11', '0', '9', '2018-02-02 04:58:20', '2018-02-02 04:58:20', '988c2538-0e52-467b-b565-4781c0bf3895'),
 ('36', '23', '9', '13', '0', '1', '2018-02-02 09:48:48', '2018-02-02 09:48:48', '962817d9-68ac-4149-a99b-21a7e29a89f2'),
 ('37', '23', '9', '12', '0', '2', '2018-02-02 09:48:48', '2018-02-02 09:48:48', 'ed7651bc-ae71-4aa8-aff8-ccaf97e9153f'),
 ('38', '23', '9', '16', '0', '3', '2018-02-02 09:48:48', '2018-02-02 09:48:48', '07e06646-9ee4-413f-87fd-893db6789ea8');



DROP TABLE IF EXISTS `craft_fieldlayouts`;


--
-- Schema for table `craft_fieldlayouts`
--
CREATE TABLE `craft_fieldlayouts` (
  `id` int(11) NOT NULL AUTO_INCREMENT,
  `type` varchar(150) COLLATE utf8_unicode_ci NOT NULL,
  `dateCreated` datetime NOT NULL,
  `dateUpdated` datetime NOT NULL,
  `uid` char(36) COLLATE utf8_unicode_ci NOT NULL DEFAULT '0',
  PRIMARY KEY (`id`),
  KEY `craft_fieldlayouts_type_idx` (`type`)
) ENGINE=InnoDB AUTO_INCREMENT=24 DEFAULT CHARSET=utf8 COLLATE=utf8_unicode_ci;

--
-- Data for table `craft_fieldlayouts`
--

INSERT INTO `craft_fieldlayouts` (`id`, `type`, `dateCreated`, `dateUpdated`, `uid`) VALUES
 ('1', 'Tag', '2018-01-30 09:53:54', '2018-01-30 09:53:54', '36fc44e0-f9d3-4a93-824c-8216aa3fc675'),
 ('16', 'Entry', '2018-02-02 04:58:20', '2018-02-02 04:58:20', '4bd2bd30-abd4-48b6-87cd-d9698f52d6b0'),
 ('22', 'Asset', '2018-02-02 09:06:20', '2018-02-02 09:06:20', 'd704c13b-3b12-447d-9d8e-4d0652d1ce21'),
 ('23', 'Entry', '2018-02-02 09:48:48', '2018-02-02 09:48:48', 'c6d232dd-d9c7-46ab-bcb3-414f5c98f5a4');



DROP TABLE IF EXISTS `craft_fieldlayouttabs`;


--
-- Schema for table `craft_fieldlayouttabs`
--
CREATE TABLE `craft_fieldlayouttabs` (
  `id` int(11) NOT NULL AUTO_INCREMENT,
  `layoutId` int(11) NOT NULL,
  `name` varchar(255) COLLATE utf8_unicode_ci NOT NULL,
  `sortOrder` smallint(6) unsigned DEFAULT NULL,
  `dateCreated` datetime NOT NULL,
  `dateUpdated` datetime NOT NULL,
  `uid` char(36) COLLATE utf8_unicode_ci NOT NULL DEFAULT '0',
  PRIMARY KEY (`id`),
  KEY `craft_fieldlayouttabs_sortOrder_idx` (`sortOrder`),
  KEY `craft_fieldlayouttabs_layoutId_fk` (`layoutId`)
) ENGINE=InnoDB AUTO_INCREMENT=10 DEFAULT CHARSET=utf8 COLLATE=utf8_unicode_ci;

--
-- Data for table `craft_fieldlayouttabs`
--

INSERT INTO `craft_fieldlayouttabs` (`id`, `layoutId`, `name`, `sortOrder`, `dateCreated`, `dateUpdated`, `uid`) VALUES
 ('8', '16', 'Case Study', '1', '2018-02-02 04:58:20', '2018-02-02 04:58:20', 'e329f9ee-75ed-470a-aab2-2fc187d5fa60'),
 ('9', '23', 'Home', '1', '2018-02-02 09:48:48', '2018-02-02 09:48:48', '703d2a4d-4d50-4c34-a926-90c323d50caf');



DROP TABLE IF EXISTS `craft_fields`;


--
-- Schema for table `craft_fields`
--
CREATE TABLE `craft_fields` (
  `id` int(11) NOT NULL AUTO_INCREMENT,
  `groupId` int(11) DEFAULT NULL,
  `name` varchar(255) COLLATE utf8_unicode_ci NOT NULL,
  `handle` varchar(58) COLLATE utf8_unicode_ci NOT NULL,
  `context` varchar(255) COLLATE utf8_unicode_ci NOT NULL DEFAULT 'global',
  `instructions` text COLLATE utf8_unicode_ci,
  `translatable` tinyint(1) unsigned NOT NULL DEFAULT '0',
  `type` varchar(150) COLLATE utf8_unicode_ci NOT NULL,
  `settings` text COLLATE utf8_unicode_ci,
  `dateCreated` datetime NOT NULL,
  `dateUpdated` datetime NOT NULL,
  `uid` char(36) COLLATE utf8_unicode_ci NOT NULL DEFAULT '0',
  PRIMARY KEY (`id`),
  UNIQUE KEY `craft_fields_handle_context_unq_idx` (`handle`,`context`),
  KEY `craft_fields_context_idx` (`context`),
  KEY `craft_fields_groupId_fk` (`groupId`)
) ENGINE=InnoDB AUTO_INCREMENT=17 DEFAULT CHARSET=utf8 COLLATE=utf8_unicode_ci;

--
-- Data for table `craft_fields`
--

INSERT INTO `craft_fields` (`id`, `groupId`, `name`, `handle`, `context`, `instructions`, `translatable`, `type`, `settings`, `dateCreated`, `dateUpdated`, `uid`) VALUES
 ('1', '1', 'Body', 'body', 'global', NULL, '1', 'RichText', '{\"configFile\":\"Standard.json\",\"columnType\":\"text\"}', '2018-01-30 09:53:54', '2018-01-30 09:53:54', '5923975d-19b7-4420-8c26-e1bf6afc8cdb'),
 ('2', '1', 'Tags', 'tags', 'global', NULL, '0', 'Tags', '{\"source\":\"taggroup:1\"}', '2018-01-30 09:53:54', '2018-01-30 09:53:54', '5b06c4b8-b197-443c-ae11-d57656e2c497'),
 ('4', '2', 'Subtitle', 'subtitle', 'global', 'Enter project subtitle', '0', 'PlainText', '{\"placeholder\":\"Project Name\",\"maxLength\":\"\",\"multiline\":\"\",\"initialRows\":\"4\"}', '2018-02-01 09:13:59', '2018-02-01 09:39:04', '3d5c1543-eff5-4547-abff-b085534000e5'),
 ('5', '2', 'First Image', 'firstImage', 'global', '', '0', 'Assets', '{\"useSingleFolder\":\"\",\"defaultUploadLocationSubpath\":\"\",\"singleUploadLocationSubpath\":\"\",\"restrictFiles\":\"\",\"limit\":\"1\",\"viewMode\":\"large\",\"selectionLabel\":\"\"}', '2018-02-01 09:40:01', '2018-02-01 09:40:46', '2215c318-b20c-4588-9667-91c51ddc72b6'),
 ('6', '2', 'Second Image', 'secondImage', 'global', '', '0', 'Assets', '{\"useSingleFolder\":\"\",\"defaultUploadLocationSubpath\":\"\",\"singleUploadLocationSubpath\":\"\",\"restrictFiles\":\"\",\"limit\":\"1\",\"viewMode\":\"large\",\"selectionLabel\":\"\"}', '2018-02-01 09:40:27', '2018-02-01 09:40:27', 'd06b46e3-f3ba-4dc7-af99-c06a5a39f8a6'),
 ('7', '2', 'Third Image', 'thirdImage', 'global', '', '0', 'Assets', '{\"useSingleFolder\":\"\",\"defaultUploadLocationSubpath\":\"\",\"singleUploadLocationSubpath\":\"\",\"restrictFiles\":\"\",\"limit\":\"1\",\"viewMode\":\"large\",\"selectionLabel\":\"\"}', '2018-02-01 09:41:02', '2018-02-01 09:41:02', '64bd821b-61ea-44a5-80a4-799bff4c2735'),
 ('8', '2', 'First Paragraph', 'firstParagraph', 'global', '', '0', 'PlainText', '{\"placeholder\":\"\",\"maxLength\":\"\",\"multiline\":\"1\",\"initialRows\":\"4\"}', '2018-02-01 09:41:31', '2018-02-01 09:41:31', '5ba73bcf-e27f-4ce2-89dd-eece942e8893'),
 ('9', '2', 'Second Paragraph', 'secondParagraph', 'global', '', '0', 'PlainText', '{\"placeholder\":\"\",\"maxLength\":\"\",\"multiline\":\"1\",\"initialRows\":\"4\"}', '2018-02-01 09:41:48', '2018-02-01 09:41:48', 'e59b7007-6779-4b2e-bf02-82ad0d51c5dc'),
 ('10', '2', 'Third Paragraph', 'thirdParagraph', 'global', '', '0', 'PlainText', '{\"placeholder\":\"\",\"maxLength\":\"\",\"multiline\":\"1\",\"initialRows\":\"4\"}', '2018-02-01 09:42:03', '2018-02-01 09:42:03', '264257cc-afb6-46bd-8cfd-d08baf1e02c6'),
 ('11', '2', 'Next Project', 'nextProject', 'global', '', '0', 'Entries', '{\"sources\":[\"section:3\"],\"limit\":\"1\",\"selectionLabel\":\"\"}', '2018-02-01 09:43:25', '2018-02-01 09:43:25', '94f96782-0401-4be3-abdd-af018b389980'),
 ('12', '3', 'Blurb', 'blurb', 'global', '', '0', 'PlainText', '{\"placeholder\":\"\",\"maxLength\":\"\",\"multiline\":\"1\",\"initialRows\":\"4\"}', '2018-02-01 10:20:21', '2018-02-01 10:20:21', 'b479dcbe-b5c1-4590-aa7a-23cc4ecd4d45'),
 ('13', '3', 'Landscape Image', 'landscapeImage', 'global', '', '0', 'Assets', '{\"useSingleFolder\":\"\",\"sources\":\"*\",\"defaultUploadLocationSource\":\"1\",\"defaultUploadLocationSubpath\":\"\",\"singleUploadLocationSource\":\"1\",\"singleUploadLocationSubpath\":\"\",\"restrictFiles\":\"\",\"limit\":\"1\",\"viewMode\":\"large\",\"selectionLabel\":\"\"}', '2018-02-01 10:20:54', '2018-02-02 09:02:26', 'eab3d7aa-f72c-4305-bb5a-6e83242dd852'),
 ('15', '2', 'Cover Image', 'coverImage', 'global', '', '0', 'Assets', '{\"useSingleFolder\":\"\",\"sources\":\"*\",\"defaultUploadLocationSource\":\"1\",\"defaultUploadLocationSubpath\":\"\",\"singleUploadLocationSource\":\"1\",\"singleUploadLocationSubpath\":\"\",\"restrictFiles\":\"\",\"limit\":\"1\",\"viewMode\":\"large\",\"selectionLabel\":\"\"}', '2018-02-02 04:57:51', '2018-02-02 04:57:51', '55056e77-9ba9-48eb-9034-5e1ab06ee4da'),
 ('16', '3', 'Me Image', 'meImage', 'global', '', '0', 'Assets', '{\"useSingleFolder\":\"\",\"sources\":\"*\",\"defaultUploadLocationSource\":\"1\",\"defaultUploadLocationSubpath\":\"\",\"singleUploadLocationSource\":\"1\",\"singleUploadLocationSubpath\":\"\",\"restrictFiles\":\"\",\"limit\":\"1\",\"viewMode\":\"large\",\"selectionLabel\":\"\"}', '2018-02-02 09:46:55', '2018-02-02 09:46:55', '476caacd-86a2-4cad-b05b-fcc2f88028ca');



DROP TABLE IF EXISTS `craft_globalsets`;


--
-- Schema for table `craft_globalsets`
--
CREATE TABLE `craft_globalsets` (
  `id` int(11) NOT NULL,
  `name` varchar(255) COLLATE utf8_unicode_ci NOT NULL,
  `handle` varchar(255) COLLATE utf8_unicode_ci NOT NULL,
  `fieldLayoutId` int(10) DEFAULT NULL,
  `dateCreated` datetime NOT NULL,
  `dateUpdated` datetime NOT NULL,
  `uid` char(36) COLLATE utf8_unicode_ci NOT NULL DEFAULT '0',
  PRIMARY KEY (`id`),
  UNIQUE KEY `craft_globalsets_name_unq_idx` (`name`),
  UNIQUE KEY `craft_globalsets_handle_unq_idx` (`handle`),
  KEY `craft_globalsets_fieldLayoutId_fk` (`fieldLayoutId`)
) ENGINE=InnoDB DEFAULT CHARSET=utf8 COLLATE=utf8_unicode_ci;

DROP TABLE IF EXISTS `craft_info`;


--
-- Schema for table `craft_info`
--
CREATE TABLE `craft_info` (
  `id` int(11) NOT NULL AUTO_INCREMENT,
  `version` varchar(50) COLLATE utf8_unicode_ci NOT NULL,
  `schemaVersion` varchar(15) COLLATE utf8_unicode_ci NOT NULL,
  `edition` tinyint(1) unsigned NOT NULL DEFAULT '0',
  `siteName` varchar(100) COLLATE utf8_unicode_ci NOT NULL,
  `siteUrl` varchar(255) COLLATE utf8_unicode_ci NOT NULL,
  `timezone` varchar(30) COLLATE utf8_unicode_ci DEFAULT NULL,
  `on` tinyint(1) unsigned NOT NULL DEFAULT '0',
  `maintenance` tinyint(1) unsigned NOT NULL DEFAULT '0',
  `dateCreated` datetime NOT NULL,
  `dateUpdated` datetime NOT NULL,
  `uid` char(36) COLLATE utf8_unicode_ci NOT NULL DEFAULT '0',
  PRIMARY KEY (`id`)
) ENGINE=InnoDB AUTO_INCREMENT=2 DEFAULT CHARSET=utf8 COLLATE=utf8_unicode_ci;

--
-- Data for table `craft_info`
--

INSERT INTO `craft_info` (`id`, `version`, `schemaVersion`, `edition`, `siteName`, `siteUrl`, `timezone`, `on`, `maintenance`, `dateCreated`, `dateUpdated`, `uid`) VALUES
 ('1', '2.6.3005', '2.6.13', '0', 'Portfolio 2018', 'http://localhost:8888/portfolio/public/', 'UTC', '1', '1', '2018-01-30 09:53:48', '2018-02-02 09:55:09', 'e2f4c430-807d-463a-98f7-f53d10bc80a6');



DROP TABLE IF EXISTS `craft_locales`;


--
-- Schema for table `craft_locales`
--
CREATE TABLE `craft_locales` (
  `locale` char(12) COLLATE utf8_unicode_ci NOT NULL,
  `sortOrder` smallint(6) unsigned DEFAULT NULL,
  `dateCreated` datetime NOT NULL,
  `dateUpdated` datetime NOT NULL,
  `uid` char(36) COLLATE utf8_unicode_ci NOT NULL DEFAULT '0',
  PRIMARY KEY (`locale`),
  KEY `craft_locales_sortOrder_idx` (`sortOrder`)
) ENGINE=InnoDB DEFAULT CHARSET=utf8 COLLATE=utf8_unicode_ci;

--
-- Data for table `craft_locales`
--

INSERT INTO `craft_locales` (`locale`, `sortOrder`, `dateCreated`, `dateUpdated`, `uid`) VALUES
 ('en_nz', '1', '2018-01-30 09:53:48', '2018-01-30 09:53:48', '361e4f10-b82f-4ba1-8724-153ab28e2013');



DROP TABLE IF EXISTS `craft_matrixblocks`;


--
-- Schema for table `craft_matrixblocks`
--
CREATE TABLE `craft_matrixblocks` (
  `id` int(11) NOT NULL,
  `ownerId` int(11) NOT NULL,
  `fieldId` int(11) NOT NULL,
  `typeId` int(11) DEFAULT NULL,
  `sortOrder` smallint(6) unsigned DEFAULT NULL,
  `ownerLocale` char(12) COLLATE utf8_unicode_ci DEFAULT NULL,
  `dateCreated` datetime NOT NULL,
  `dateUpdated` datetime NOT NULL,
  `uid` char(36) COLLATE utf8_unicode_ci NOT NULL DEFAULT '0',
  PRIMARY KEY (`id`),
  KEY `craft_matrixblocks_ownerId_idx` (`ownerId`),
  KEY `craft_matrixblocks_fieldId_idx` (`fieldId`),
  KEY `craft_matrixblocks_typeId_idx` (`typeId`),
  KEY `craft_matrixblocks_sortOrder_idx` (`sortOrder`),
  KEY `craft_matrixblocks_ownerLocale_fk` (`ownerLocale`)
) ENGINE=InnoDB DEFAULT CHARSET=utf8 COLLATE=utf8_unicode_ci;

DROP TABLE IF EXISTS `craft_matrixblocktypes`;


--
-- Schema for table `craft_matrixblocktypes`
--
CREATE TABLE `craft_matrixblocktypes` (
  `id` int(11) NOT NULL AUTO_INCREMENT,
  `fieldId` int(11) NOT NULL,
  `fieldLayoutId` int(11) DEFAULT NULL,
  `name` varchar(255) COLLATE utf8_unicode_ci NOT NULL,
  `handle` varchar(255) COLLATE utf8_unicode_ci NOT NULL,
  `sortOrder` smallint(6) unsigned DEFAULT NULL,
  `dateCreated` datetime NOT NULL,
  `dateUpdated` datetime NOT NULL,
  `uid` char(36) COLLATE utf8_unicode_ci NOT NULL DEFAULT '0',
  PRIMARY KEY (`id`),
  UNIQUE KEY `craft_matrixblocktypes_name_fieldId_unq_idx` (`name`,`fieldId`),
  UNIQUE KEY `craft_matrixblocktypes_handle_fieldId_unq_idx` (`handle`,`fieldId`),
  KEY `craft_matrixblocktypes_fieldId_fk` (`fieldId`),
  KEY `craft_matrixblocktypes_fieldLayoutId_fk` (`fieldLayoutId`)
) ENGINE=InnoDB DEFAULT CHARSET=utf8 COLLATE=utf8_unicode_ci;

DROP TABLE IF EXISTS `craft_migrations`;


--
-- Schema for table `craft_migrations`
--
CREATE TABLE `craft_migrations` (
  `id` int(11) NOT NULL AUTO_INCREMENT,
  `pluginId` int(11) DEFAULT NULL,
  `version` varchar(255) COLLATE utf8_unicode_ci NOT NULL,
  `applyTime` datetime NOT NULL,
  `dateCreated` datetime NOT NULL,
  `dateUpdated` datetime NOT NULL,
  `uid` char(36) COLLATE utf8_unicode_ci NOT NULL DEFAULT '0',
  PRIMARY KEY (`id`),
  UNIQUE KEY `craft_migrations_version_unq_idx` (`version`),
  KEY `craft_migrations_pluginId_fk` (`pluginId`)
) ENGINE=InnoDB AUTO_INCREMENT=43 DEFAULT CHARSET=utf8 COLLATE=utf8_unicode_ci;

--
-- Data for table `craft_migrations`
--

INSERT INTO `craft_migrations` (`id`, `pluginId`, `version`, `applyTime`, `dateCreated`, `dateUpdated`, `uid`) VALUES
 ('1', NULL, 'm000000_000000_base', '2018-01-30 09:53:48', '2018-01-30 09:53:48', '2018-01-30 09:53:48', '7e391e3b-8148-4b95-907b-008c8e206707'),
 ('2', NULL, 'm140730_000001_add_filename_and_format_to_transformindex', '2018-01-30 09:53:48', '2018-01-30 09:53:48', '2018-01-30 09:53:48', '71c7ecef-d473-44cb-bc79-52565013fcf3'),
 ('3', NULL, 'm140815_000001_add_format_to_transforms', '2018-01-30 09:53:48', '2018-01-30 09:53:48', '2018-01-30 09:53:48', '1c667963-bf18-4b92-a986-5afe651dff78'),
 ('4', NULL, 'm140822_000001_allow_more_than_128_items_per_field', '2018-01-30 09:53:48', '2018-01-30 09:53:48', '2018-01-30 09:53:48', '82e7119d-f03b-4c3d-a13a-e9388a272813'),
 ('5', NULL, 'm140829_000001_single_title_formats', '2018-01-30 09:53:48', '2018-01-30 09:53:48', '2018-01-30 09:53:48', '1629b41c-c5f6-4661-a8c9-b8b155777da7'),
 ('6', NULL, 'm140831_000001_extended_cache_keys', '2018-01-30 09:53:48', '2018-01-30 09:53:48', '2018-01-30 09:53:48', '15155982-6116-4b05-9a9c-276e6faabffd'),
 ('7', NULL, 'm140922_000001_delete_orphaned_matrix_blocks', '2018-01-30 09:53:48', '2018-01-30 09:53:48', '2018-01-30 09:53:48', '074e6b83-1fd3-42b0-aa55-8a20a60f7667'),
 ('8', NULL, 'm141008_000001_elements_index_tune', '2018-01-30 09:53:48', '2018-01-30 09:53:48', '2018-01-30 09:53:48', '48ed9f3d-74c7-4bbf-8aff-1dfe7b9194e5'),
 ('9', NULL, 'm141009_000001_assets_source_handle', '2018-01-30 09:53:48', '2018-01-30 09:53:48', '2018-01-30 09:53:48', 'e4b9f122-3547-4f90-bb67-2d2d5412dcdb'),
 ('10', NULL, 'm141024_000001_field_layout_tabs', '2018-01-30 09:53:48', '2018-01-30 09:53:48', '2018-01-30 09:53:48', '0f641c88-cc13-40c6-8aad-3dead8c3f6ef'),
 ('11', NULL, 'm141030_000000_plugin_schema_versions', '2018-01-30 09:53:48', '2018-01-30 09:53:48', '2018-01-30 09:53:48', '917c6bc2-f347-41dc-b7e0-e7b1c0ac4225'),
 ('12', NULL, 'm141030_000001_drop_structure_move_permission', '2018-01-30 09:53:48', '2018-01-30 09:53:48', '2018-01-30 09:53:48', 'd0f6b988-da89-4dfa-bf0f-033b220ee7e6'),
 ('13', NULL, 'm141103_000001_tag_titles', '2018-01-30 09:53:48', '2018-01-30 09:53:48', '2018-01-30 09:53:48', '00f6c38e-32ed-4f63-9fb4-e87e1f4100a1'),
 ('14', NULL, 'm141109_000001_user_status_shuffle', '2018-01-30 09:53:48', '2018-01-30 09:53:48', '2018-01-30 09:53:48', '5daf9bf7-4f48-4636-a3db-dfcb9528ef8a'),
 ('15', NULL, 'm141126_000001_user_week_start_day', '2018-01-30 09:53:48', '2018-01-30 09:53:48', '2018-01-30 09:53:48', '2d5070ac-67ed-4bff-854b-c7fc3a93c17a'),
 ('16', NULL, 'm150210_000001_adjust_user_photo_size', '2018-01-30 09:53:48', '2018-01-30 09:53:48', '2018-01-30 09:53:48', '8327ff11-af74-4c6c-8608-cb987c3b57cb'),
 ('17', NULL, 'm150724_000001_adjust_quality_settings', '2018-01-30 09:53:48', '2018-01-30 09:53:48', '2018-01-30 09:53:48', 'b4f07331-c246-4333-a656-05b186a59092'),
 ('18', NULL, 'm150827_000000_element_index_settings', '2018-01-30 09:53:48', '2018-01-30 09:53:48', '2018-01-30 09:53:48', '6b3dd579-3d81-4657-a151-d4118b2c316b'),
 ('19', NULL, 'm150918_000001_add_colspan_to_widgets', '2018-01-30 09:53:48', '2018-01-30 09:53:48', '2018-01-30 09:53:48', 'edd1efdd-aa8c-4ffa-95bf-721eb98b4abb'),
 ('20', NULL, 'm151007_000000_clear_asset_caches', '2018-01-30 09:53:48', '2018-01-30 09:53:48', '2018-01-30 09:53:48', 'eab4c0fb-501a-479f-b085-d222e5d93b5a'),
 ('21', NULL, 'm151109_000000_text_url_formats', '2018-01-30 09:53:48', '2018-01-30 09:53:48', '2018-01-30 09:53:48', '5ce49fdd-562b-4003-9321-74e808a0e1d7'),
 ('22', NULL, 'm151110_000000_move_logo', '2018-01-30 09:53:48', '2018-01-30 09:53:48', '2018-01-30 09:53:48', 'a8c3d595-d36d-4457-bc1a-2153c5c486de'),
 ('23', NULL, 'm151117_000000_adjust_image_widthheight', '2018-01-30 09:53:48', '2018-01-30 09:53:48', '2018-01-30 09:53:48', 'e4e756c3-d960-4e03-be3a-4246316cb0da'),
 ('24', NULL, 'm151127_000000_clear_license_key_status', '2018-01-30 09:53:48', '2018-01-30 09:53:48', '2018-01-30 09:53:48', '9700968f-6326-4999-a360-056ba17d661d'),
 ('25', NULL, 'm151127_000000_plugin_license_keys', '2018-01-30 09:53:48', '2018-01-30 09:53:48', '2018-01-30 09:53:48', '955c9a07-065e-43da-a66b-bb557cd63d93'),
 ('26', NULL, 'm151130_000000_update_pt_widget_feeds', '2018-01-30 09:53:48', '2018-01-30 09:53:48', '2018-01-30 09:53:48', '6a64794d-81dc-4068-9835-bd961aa3dda1'),
 ('27', NULL, 'm160114_000000_asset_sources_public_url_default_true', '2018-01-30 09:53:48', '2018-01-30 09:53:48', '2018-01-30 09:53:48', '9967d53d-b31d-4368-a2cb-532d6b16e068'),
 ('28', NULL, 'm160223_000000_sortorder_to_smallint', '2018-01-30 09:53:48', '2018-01-30 09:53:48', '2018-01-30 09:53:48', 'a50289ee-40c7-4a09-97f5-46fcc81af61f'),
 ('29', NULL, 'm160229_000000_set_default_entry_statuses', '2018-01-30 09:53:48', '2018-01-30 09:53:48', '2018-01-30 09:53:48', '4c126b4e-3d21-4370-b49f-583b18b16268'),
 ('30', NULL, 'm160304_000000_client_permissions', '2018-01-30 09:53:48', '2018-01-30 09:53:48', '2018-01-30 09:53:48', 'e8dda8e7-fcd6-4075-a1dc-6ef30a6e4a7d'),
 ('31', NULL, 'm160322_000000_asset_filesize', '2018-01-30 09:53:48', '2018-01-30 09:53:48', '2018-01-30 09:53:48', 'd60c8bc9-7902-4364-8bd7-c845ad2338cc'),
 ('32', NULL, 'm160503_000000_orphaned_fieldlayouts', '2018-01-30 09:53:48', '2018-01-30 09:53:48', '2018-01-30 09:53:48', '40c3ec98-713a-498a-b1b2-f8bc90f6572e'),
 ('33', NULL, 'm160510_000000_tasksettings', '2018-01-30 09:53:48', '2018-01-30 09:53:48', '2018-01-30 09:53:48', '6a0131b1-ddc8-4214-b804-8be78b473569'),
 ('34', NULL, 'm160829_000000_pending_user_content_cleanup', '2018-01-30 09:53:48', '2018-01-30 09:53:48', '2018-01-30 09:53:48', '9d089baa-10f8-4b46-863f-047e2236f2cf'),
 ('35', NULL, 'm160830_000000_asset_index_uri_increase', '2018-01-30 09:53:48', '2018-01-30 09:53:48', '2018-01-30 09:53:48', 'a09730b7-bbfa-4bfe-b51f-83ab640fa657'),
 ('36', NULL, 'm160919_000000_usergroup_handle_title_unique', '2018-01-30 09:53:48', '2018-01-30 09:53:48', '2018-01-30 09:53:48', '2ba789f2-6387-411c-9770-cd68a0afd0d6'),
 ('37', NULL, 'm161108_000000_new_version_format', '2018-01-30 09:53:48', '2018-01-30 09:53:48', '2018-01-30 09:53:48', 'b87b56fa-f11b-4b67-aaca-d5c44c742073'),
 ('38', NULL, 'm161109_000000_index_shuffle', '2018-01-30 09:53:48', '2018-01-30 09:53:48', '2018-01-30 09:53:48', 'cc67c29a-1a1c-44b3-9d79-916d9443d6e7'),
 ('39', NULL, 'm170612_000000_route_index_shuffle', '2018-01-30 09:53:48', '2018-01-30 09:53:48', '2018-01-30 09:53:48', 'f297acf8-3be2-4541-85ef-b9f7013922d4'),
 ('40', NULL, 'm171107_000000_assign_group_permissions', '2018-01-30 09:53:48', '2018-01-30 09:53:48', '2018-01-30 09:53:48', '32067ad4-5dc0-4e21-906f-e4e2ca1babc8'),
 ('41', NULL, 'm171117_000001_templatecache_index_tune', '2018-01-30 09:53:48', '2018-01-30 09:53:48', '2018-01-30 09:53:48', '0cb29b5d-94a4-4518-bed2-8fdb45ce193c'),
 ('42', NULL, 'm171204_000001_templatecache_index_tune_deux', '2018-01-30 09:53:48', '2018-01-30 09:53:48', '2018-01-30 09:53:48', '17b91c43-388f-4748-8f05-f3d8e279b20b');



DROP TABLE IF EXISTS `craft_plugins`;


--
-- Schema for table `craft_plugins`
--
CREATE TABLE `craft_plugins` (
  `id` int(11) NOT NULL AUTO_INCREMENT,
  `class` varchar(150) COLLATE utf8_unicode_ci NOT NULL,
  `version` varchar(15) COLLATE utf8_unicode_ci NOT NULL,
  `schemaVersion` varchar(15) COLLATE utf8_unicode_ci DEFAULT NULL,
  `licenseKey` char(24) COLLATE utf8_unicode_ci DEFAULT NULL,
  `licenseKeyStatus` enum('valid','invalid','mismatched','unknown') COLLATE utf8_unicode_ci NOT NULL DEFAULT 'unknown',
  `enabled` tinyint(1) unsigned NOT NULL DEFAULT '0',
  `settings` text COLLATE utf8_unicode_ci,
  `installDate` datetime NOT NULL,
  `dateCreated` datetime NOT NULL,
  `dateUpdated` datetime NOT NULL,
  `uid` char(36) COLLATE utf8_unicode_ci NOT NULL DEFAULT '0',
  PRIMARY KEY (`id`)
) ENGINE=InnoDB DEFAULT CHARSET=utf8 COLLATE=utf8_unicode_ci;

DROP TABLE IF EXISTS `craft_rackspaceaccess`;


--
-- Schema for table `craft_rackspaceaccess`
--
CREATE TABLE `craft_rackspaceaccess` (
  `id` int(11) NOT NULL AUTO_INCREMENT,
  `connectionKey` varchar(255) COLLATE utf8_unicode_ci NOT NULL,
  `token` varchar(255) COLLATE utf8_unicode_ci NOT NULL,
  `storageUrl` varchar(255) COLLATE utf8_unicode_ci NOT NULL,
  `cdnUrl` varchar(255) COLLATE utf8_unicode_ci NOT NULL,
  `dateCreated` datetime NOT NULL,
  `dateUpdated` datetime NOT NULL,
  `uid` char(36) COLLATE utf8_unicode_ci NOT NULL DEFAULT '0',
  PRIMARY KEY (`id`),
  UNIQUE KEY `craft_rackspaceaccess_connectionKey_unq_idx` (`connectionKey`)
) ENGINE=InnoDB DEFAULT CHARSET=utf8 COLLATE=utf8_unicode_ci;

DROP TABLE IF EXISTS `craft_relations`;


--
-- Schema for table `craft_relations`
--
CREATE TABLE `craft_relations` (
  `id` int(11) NOT NULL AUTO_INCREMENT,
  `fieldId` int(11) NOT NULL,
  `sourceId` int(11) NOT NULL,
  `sourceLocale` char(12) COLLATE utf8_unicode_ci DEFAULT NULL,
  `targetId` int(11) NOT NULL,
  `sortOrder` smallint(6) DEFAULT NULL,
  `dateCreated` datetime NOT NULL,
  `dateUpdated` datetime NOT NULL,
  `uid` char(36) COLLATE utf8_unicode_ci NOT NULL DEFAULT '0',
  PRIMARY KEY (`id`),
  UNIQUE KEY `craft_relations_fieldId_sourceId_sourceLocale_targetId_unq_idx` (`fieldId`,`sourceId`,`sourceLocale`,`targetId`),
  KEY `craft_relations_sourceId_fk` (`sourceId`),
  KEY `craft_relations_sourceLocale_fk` (`sourceLocale`),
  KEY `craft_relations_targetId_fk` (`targetId`)
) ENGINE=InnoDB AUTO_INCREMENT=39 DEFAULT CHARSET=utf8 COLLATE=utf8_unicode_ci;

--
-- Data for table `craft_relations`
--

INSERT INTO `craft_relations` (`id`, `fieldId`, `sourceId`, `sourceLocale`, `targetId`, `sortOrder`, `dateCreated`, `dateUpdated`, `uid`) VALUES
 ('8', '15', '7', NULL, '15', '1', '2018-02-02 09:31:30', '2018-02-02 09:31:30', '3e4868ae-948e-41ad-a40e-0de49fbae8b8'),
 ('9', '5', '7', NULL, '22', '1', '2018-02-02 09:31:30', '2018-02-02 09:31:30', '5b6b7a3d-869a-455a-8529-9e8b90bf2d33'),
 ('10', '6', '7', NULL, '23', '1', '2018-02-02 09:31:30', '2018-02-02 09:31:30', '1bb65817-5f63-4158-bd2f-e5828e5f4ab5'),
 ('11', '7', '7', NULL, '24', '1', '2018-02-02 09:31:30', '2018-02-02 09:31:30', 'b53ebf49-b3e3-477b-b22b-5acd9fe9748a'),
 ('12', '11', '7', NULL, '8', '1', '2018-02-02 09:31:30', '2018-02-02 09:31:30', '571fa6bc-25e2-4de6-97e2-2d2b2330f999'),
 ('13', '15', '8', NULL, '13', '1', '2018-02-02 09:33:12', '2018-02-02 09:33:12', '5848ebce-28ce-419f-bcd9-3096280fc8d2'),
 ('14', '5', '8', NULL, '35', '1', '2018-02-02 09:33:12', '2018-02-02 09:33:12', '4f0a70f7-cacb-4575-865d-3242d890ab7c'),
 ('15', '6', '8', NULL, '30', '1', '2018-02-02 09:33:12', '2018-02-02 09:33:12', '592322e4-11cf-4cdc-a64e-20dd4beb7843'),
 ('16', '7', '8', NULL, '25', '1', '2018-02-02 09:33:12', '2018-02-02 09:33:12', '50482aba-e17b-4168-8d56-056f43ac062d'),
 ('17', '11', '8', NULL, '9', '1', '2018-02-02 09:33:12', '2018-02-02 09:33:12', '2c2b3f8b-e5a7-4c2f-9dd6-3e942b2bbc6b'),
 ('18', '15', '9', NULL, '18', '1', '2018-02-02 09:34:10', '2018-02-02 09:34:10', '70a72a2b-2528-4c1a-86fb-130082cc91e8'),
 ('19', '5', '9', NULL, '29', '1', '2018-02-02 09:34:10', '2018-02-02 09:34:10', 'b7cdbf9b-f35f-47bf-876d-019f429739a4'),
 ('20', '6', '9', NULL, '34', '1', '2018-02-02 09:34:10', '2018-02-02 09:34:10', '96744e8b-f2d9-4c2b-b2fa-ff090be488c7'),
 ('21', '7', '9', NULL, '39', '1', '2018-02-02 09:34:10', '2018-02-02 09:34:10', '568409af-4a54-4794-8d00-163dab55b1ce'),
 ('22', '11', '9', NULL, '10', '1', '2018-02-02 09:34:10', '2018-02-02 09:34:10', 'c856b732-e79a-49f6-adb4-bbe67d7598e8'),
 ('23', '15', '10', NULL, '14', '1', '2018-02-02 09:34:57', '2018-02-02 09:34:57', '064174e3-8d5a-4480-9891-23f403e573ed'),
 ('24', '5', '10', NULL, '26', '1', '2018-02-02 09:34:57', '2018-02-02 09:34:57', '3c026f9f-e687-4ea4-aad1-5251c7299495'),
 ('25', '6', '10', NULL, '31', '1', '2018-02-02 09:34:57', '2018-02-02 09:34:57', '29dadd22-a89b-4274-a2ea-2e388e254580'),
 ('26', '7', '10', NULL, '36', '1', '2018-02-02 09:34:57', '2018-02-02 09:34:57', '0792be41-e716-49a6-8eda-3821b6b310e3'),
 ('27', '11', '10', NULL, '11', '1', '2018-02-02 09:34:57', '2018-02-02 09:34:57', 'c3f28f45-c80b-45ef-85e7-15a7de1b02be'),
 ('28', '15', '11', NULL, '16', '1', '2018-02-02 09:35:48', '2018-02-02 09:35:48', 'aa296489-0903-46c9-9b96-3e75aeec7899'),
 ('29', '5', '11', NULL, '27', '1', '2018-02-02 09:35:48', '2018-02-02 09:35:48', 'bfb3093e-f1aa-4d75-8bd9-9002e7955daf'),
 ('30', '6', '11', NULL, '32', '1', '2018-02-02 09:35:48', '2018-02-02 09:35:48', '20036957-4e1e-4406-a0b5-65e2e1aaefc6'),
 ('31', '7', '11', NULL, '37', '1', '2018-02-02 09:35:48', '2018-02-02 09:35:48', '030d5057-2d05-402d-9c03-dbe0c87b7cd3'),
 ('32', '11', '11', NULL, '12', '1', '2018-02-02 09:35:48', '2018-02-02 09:35:48', '48513cb7-bc45-4d02-a451-b960569fef19'),
 ('33', '15', '12', NULL, '17', '1', '2018-02-02 09:36:31', '2018-02-02 09:36:31', 'f9c26053-4b53-4fb7-ad0b-ae583e0e79e6'),
 ('34', '5', '12', NULL, '28', '1', '2018-02-02 09:36:31', '2018-02-02 09:36:31', '6b82d8f0-31a9-4536-8c45-27d35cae4a3e'),
 ('35', '6', '12', NULL, '33', '1', '2018-02-02 09:36:31', '2018-02-02 09:36:31', '44cf6436-cd0d-407a-b160-b69e539d6609'),
 ('36', '7', '12', NULL, '38', '1', '2018-02-02 09:36:31', '2018-02-02 09:36:31', 'f96a5000-d910-47e1-8914-c19faf4f219b'),
 ('37', '11', '12', NULL, '7', '1', '2018-02-02 09:36:31', '2018-02-02 09:36:31', '8c82eae0-ea87-4765-b325-0aee2855196a'),
 ('38', '13', '6', NULL, '19', '1', '2018-02-02 09:43:24', '2018-02-02 09:43:24', 'da3e1ab0-c7c4-4ba3-9758-74ff4b61816d');



DROP TABLE IF EXISTS `craft_routes`;


--
-- Schema for table `craft_routes`
--
CREATE TABLE `craft_routes` (
  `id` int(11) NOT NULL AUTO_INCREMENT,
  `locale` char(12) COLLATE utf8_unicode_ci DEFAULT NULL,
  `urlParts` varchar(255) COLLATE utf8_unicode_ci NOT NULL,
  `urlPattern` varchar(255) COLLATE utf8_unicode_ci NOT NULL,
  `template` varchar(255) COLLATE utf8_unicode_ci NOT NULL,
  `sortOrder` smallint(6) unsigned DEFAULT NULL,
  `dateCreated` datetime NOT NULL,
  `dateUpdated` datetime NOT NULL,
  `uid` char(36) COLLATE utf8_unicode_ci NOT NULL DEFAULT '0',
  PRIMARY KEY (`id`),
  KEY `craft_routes_locale_idx` (`locale`),
  KEY `craft_routes_urlPattern_idx` (`urlPattern`)
) ENGINE=InnoDB DEFAULT CHARSET=utf8 COLLATE=utf8_unicode_ci;

DROP TABLE IF EXISTS `craft_searchindex`;


--
-- Schema for table `craft_searchindex`
--
CREATE TABLE `craft_searchindex` (
  `elementId` int(11) NOT NULL,
  `attribute` varchar(25) COLLATE utf8_unicode_ci NOT NULL,
  `fieldId` int(11) NOT NULL,
  `locale` char(12) COLLATE utf8_unicode_ci NOT NULL,
  `keywords` text COLLATE utf8_unicode_ci NOT NULL,
  PRIMARY KEY (`elementId`,`attribute`,`fieldId`,`locale`),
  FULLTEXT KEY `craft_searchindex_keywords_idx` (`keywords`)
) ENGINE=MyISAM DEFAULT CHARSET=utf8 COLLATE=utf8_unicode_ci;

--
-- Data for table `craft_searchindex`
--

INSERT INTO `craft_searchindex` (`elementId`, `attribute`, `fieldId`, `locale`, `keywords`) VALUES
 ('1', 'username', '0', 'en_nz', ' xj '),
 ('1', 'firstname', '0', 'en_nz', ''),
 ('1', 'lastname', '0', 'en_nz', ''),
 ('1', 'fullname', '0', 'en_nz', ''),
 ('1', 'email', '0', 'en_nz', ' jennylcrowther gmail com '),
 ('1', 'slug', '0', 'en_nz', ''),
 ('2', 'slug', '0', 'en_nz', ' homepage '),
 ('2', 'title', '0', 'en_nz', ' welcome to localhost '),
 ('2', 'field', '1', 'en_nz', ' it s true this site doesn t have a whole lot of content yet but don t worry our web developers have just installed the cms and they re setting things up for the content editors this very moment soon localhost will be an oasis of fresh perspectives sharp analyses and astute opinions that will keep you coming back again and again '),
 ('3', 'field', '1', 'en_nz', ' craft is the cms that s powering localhost it s beautiful powerful flexible and easy to use and it s made by pixel tonic we can t wait to dive in and see what it s capable of this is even more captivating content which you couldn t see on the news index page because it was entered after a page break and the news index template only likes to show the content on the first page craft a nice alternative to word if you re making a website '),
 ('3', 'field', '2', 'en_nz', ''),
 ('3', 'slug', '0', 'en_nz', ' we just installed craft '),
 ('3', 'title', '0', 'en_nz', ' we just installed craft '),
 ('6', 'field', '12', 'en_nz', ' hi i m jenny web designer bicycle rider enthusiastic coder snow lover quiet achiever '),
 ('19', 'slug', '0', 'en_nz', ' landscape bg '),
 ('19', 'title', '0', 'en_nz', ' landscape bg '),
 ('19', 'kind', '0', 'en_nz', ' image '),
 ('19', 'filename', '0', 'en_nz', ' landscape_bg png '),
 ('19', 'extension', '0', 'en_nz', ' png '),
 ('6', 'slug', '0', 'en_nz', ' home '),
 ('6', 'title', '0', 'en_nz', ' home '),
 ('6', 'field', '14', 'en_nz', ''),
 ('6', 'field', '13', 'en_nz', ' landscape bg '),
 ('7', 'field', '4', 'en_nz', ' web design '),
 ('7', 'field', '5', 'en_nz', ' group 4frontal '),
 ('7', 'field', '8', 'en_nz', ' frontal lobe is an up and coming business who came to big boy websites for a website to showcase what they have to offer designing and building beautiful sustainable designs using bamboo and scrap wood '),
 ('7', 'field', '11', 'en_nz', ' bruncher '),
 ('7', 'field', '6', 'en_nz', ' group 5frontal '),
 ('7', 'field', '9', 'en_nz', ' the website was broken down into the different sections required information about the team an online shop contact information and links to their social media this information combined with beautiful high quality imagery was able to convey the company ethos '),
 ('7', 'field', '7', 'en_nz', ' group 6frontal '),
 ('7', 'field', '10', 'en_nz', ' with the launch of the website frontal lobe was able to make their mark as a progressive socially minded business based on sustainability and have an online outlet for their creations '),
 ('7', 'slug', '0', 'en_nz', ' frontal lobe '),
 ('7', 'title', '0', 'en_nz', ' frontal lobe '),
 ('8', 'field', '4', 'en_nz', ' google maps api ui materialize '),
 ('8', 'field', '5', 'en_nz', ' group 5brunch '),
 ('8', 'field', '8', 'en_nz', ' in post quake christchurch i often found myself spending far too much of my time driving around the cbd hoping to find a cafe that was open for brunch that s why i created bruncher '),
 ('8', 'field', '6', 'en_nz', ' group 4brunch '),
 ('8', 'field', '9', 'en_nz', ' when designing bruncher it was important that the app gave real time information on nearby cafes with open close information detailed directions and was easy to use on mobile devices using the google maps javascript api in conjunction with the materialise css framework i was able to do all these things '),
 ('8', 'field', '7', 'en_nz', ' group 3brunch '),
 ('8', 'field', '10', 'en_nz', ' the app has an easy to use interface which allows users to locate local cafes via geolocation or manual input and determine whether they are open or closed the app also offers the users detailed directions and is responsive across a range of devices '),
 ('8', 'field', '11', 'en_nz', ' the perfect pour '),
 ('8', 'slug', '0', 'en_nz', ' bruncher '),
 ('8', 'title', '0', 'en_nz', ' bruncher '),
 ('9', 'field', '4', 'en_nz', ' php bootstrap crud '),
 ('9', 'field', '5', 'en_nz', ' group 3tpp '),
 ('9', 'field', '8', 'en_nz', ' while there are a lot of websites that review cafes the emphasis is often on the overall cafe experience as opposed to the quality of the coffee served the perfect pour is a website where users can register an account and leave reviews about the coffee at local cafes '),
 ('9', 'field', '6', 'en_nz', ' group 4tpp '),
 ('9', 'field', '9', 'en_nz', ' in order to create a review website it was important that the site was able to handle a variety of different modes of functionality the website is a basic crud create read update delete app built using php with no framework '),
 ('9', 'field', '7', 'en_nz', ' group 5tpp '),
 ('9', 'field', '10', 'en_nz', ' the site is styled using a heavily customised bootstrap which allows the site to maintain responsiveness across different device widths so users can leave reviews while they are on the go '),
 ('9', 'field', '11', 'en_nz', ' forest karts '),
 ('9', 'slug', '0', 'en_nz', ' the perfect pour '),
 ('9', 'title', '0', 'en_nz', ' the perfect pour '),
 ('10', 'field', '4', 'en_nz', ' web design '),
 ('10', 'field', '5', 'en_nz', ' group 3fk '),
 ('10', 'field', '8', 'en_nz', ' forest karts came to big boy websites with an exciting new business project outdoor go karting in a picturesque canterbury forest location as a new business they needed a website to show potential customers what they have to offer '),
 ('10', 'field', '6', 'en_nz', ' group 4fk '),
 ('10', 'field', '9', 'en_nz', ' the website design was broken down into different sections go karting packages on offer health and safety information a reliable way to contact them and information about the team behind forest karts '),
 ('10', 'field', '7', 'en_nz', ' group 5fk '),
 ('10', 'field', '10', 'en_nz', ' with the brief in hand i created a fun and informative website that reflected the business they were in lots of fun little design details combined with forest and go kart imagery complete with a mobile site to ensure accessibility on the go '),
 ('10', 'field', '11', 'en_nz', ' natalie rose photography '),
 ('10', 'slug', '0', 'en_nz', ' forest karts '),
 ('10', 'title', '0', 'en_nz', ' forest karts '),
 ('11', 'field', '4', 'en_nz', ' wordpress development woocommerce '),
 ('11', 'field', '5', 'en_nz', ' group 3nrp '),
 ('11', 'field', '8', 'en_nz', ' natalie is a young christchurch based photographer with a passion for shooting astrophotography and local events she needed a website to showcase her talents sell prints and a way for potential customers to get in contact '),
 ('11', 'field', '6', 'en_nz', ' group 4nrp '),
 ('11', 'field', '9', 'en_nz', ' as natalie is a freelance photographer it was important that she was able to self manage the content on the site and upload new images to her portfolio as required it was clear that in order to do this a cms was required '),
 ('11', 'field', '7', 'en_nz', ' group 5nrp '),
 ('11', 'field', '10', 'en_nz', ' in order to give her a customisable site i created a one of a kind wordpress template which allows her to self manage the woocommerce shop and make updates to all aspects of the site as needed '),
 ('11', 'field', '11', 'en_nz', ' tasman io '),
 ('11', 'slug', '0', 'en_nz', ' natalie rose photography '),
 ('11', 'title', '0', 'en_nz', ' natalie rose photography '),
 ('12', 'field', '4', 'en_nz', ' silverstripe mailchimp web design '),
 ('12', 'field', '5', 'en_nz', ' group 3tasman '),
 ('12', 'field', '8', 'en_nz', ' custom d had been working on an in house task management app for quite a while and it was now time to gather public interest about the upcoming beta launch of the application '),
 ('12', 'field', '6', 'en_nz', ' group 4tasman '),
 ('12', 'field', '9', 'en_nz', ' we designed a one page silverstripe website to attract beta testers which gave details about the product on offer and the range of benefits that it would provide small businesses '),
 ('12', 'field', '7', 'en_nz', ' group 5tasman '),
 ('12', 'field', '10', 'en_nz', ' in order to gather public interest a simple input field was added to the site for users to subscribe the input field linked to a mailchimp mail list where users were regularly updated with the latest information regarding the beta release of the app '),
 ('12', 'field', '11', 'en_nz', ' frontal lobe '),
 ('12', 'slug', '0', 'en_nz', ' tasman io '),
 ('12', 'title', '0', 'en_nz', ' tasman io '),
 ('13', 'filename', '0', 'en_nz', ' bruncher png '),
 ('13', 'extension', '0', 'en_nz', ' png '),
 ('13', 'kind', '0', 'en_nz', ' image '),
 ('13', 'slug', '0', 'en_nz', ' bruncher '),
 ('13', 'title', '0', 'en_nz', ' bruncher '),
 ('14', 'filename', '0', 'en_nz', ' fk png '),
 ('14', 'extension', '0', 'en_nz', ' png '),
 ('14', 'kind', '0', 'en_nz', ' image '),
 ('14', 'slug', '0', 'en_nz', ' fk '),
 ('14', 'title', '0', 'en_nz', ' fk '),
 ('15', 'filename', '0', 'en_nz', ' frontallobe png '),
 ('15', 'extension', '0', 'en_nz', ' png '),
 ('15', 'kind', '0', 'en_nz', ' image '),
 ('15', 'slug', '0', 'en_nz', ' frontal lobe '),
 ('15', 'title', '0', 'en_nz', ' frontal lobe '),
 ('16', 'filename', '0', 'en_nz', ' nrp png '),
 ('16', 'extension', '0', 'en_nz', ' png ');
INSERT INTO `craft_searchindex` (`elementId`, `attribute`, `fieldId`, `locale`, `keywords`) VALUES
 ('16', 'kind', '0', 'en_nz', ' image '),
 ('16', 'slug', '0', 'en_nz', ' nrp '),
 ('16', 'title', '0', 'en_nz', ' nrp '),
 ('17', 'filename', '0', 'en_nz', ' tassman png '),
 ('17', 'extension', '0', 'en_nz', ' png '),
 ('17', 'kind', '0', 'en_nz', ' image '),
 ('17', 'slug', '0', 'en_nz', ' tassman '),
 ('17', 'title', '0', 'en_nz', ' tassman '),
 ('18', 'filename', '0', 'en_nz', ' tpp png '),
 ('18', 'extension', '0', 'en_nz', ' png '),
 ('18', 'kind', '0', 'en_nz', ' image '),
 ('18', 'slug', '0', 'en_nz', ' tpp '),
 ('18', 'title', '0', 'en_nz', ' tpp '),
 ('7', 'field', '15', 'en_nz', ' frontal lobe '),
 ('8', 'field', '15', 'en_nz', ' bruncher '),
 ('9', 'field', '15', 'en_nz', ' tpp '),
 ('10', 'field', '15', 'en_nz', ' fk '),
 ('11', 'field', '15', 'en_nz', ' nrp '),
 ('12', 'field', '15', 'en_nz', ' tassman '),
 ('20', 'filename', '0', 'en_nz', ' logo svg '),
 ('20', 'extension', '0', 'en_nz', ' svg '),
 ('20', 'kind', '0', 'en_nz', ' image '),
 ('20', 'slug', '0', 'en_nz', ' logo '),
 ('20', 'title', '0', 'en_nz', ' logo '),
 ('21', 'filename', '0', 'en_nz', ' me png '),
 ('21', 'extension', '0', 'en_nz', ' png '),
 ('21', 'kind', '0', 'en_nz', ' image '),
 ('21', 'slug', '0', 'en_nz', ' me '),
 ('21', 'title', '0', 'en_nz', ' me '),
 ('22', 'filename', '0', 'en_nz', ' group 4frontal png '),
 ('22', 'extension', '0', 'en_nz', ' png '),
 ('22', 'kind', '0', 'en_nz', ' image '),
 ('22', 'slug', '0', 'en_nz', ' group 4frontal '),
 ('22', 'title', '0', 'en_nz', ' group 4frontal '),
 ('23', 'filename', '0', 'en_nz', ' group 5frontal png '),
 ('23', 'extension', '0', 'en_nz', ' png '),
 ('23', 'kind', '0', 'en_nz', ' image '),
 ('23', 'slug', '0', 'en_nz', ' group 5frontal '),
 ('23', 'title', '0', 'en_nz', ' group 5frontal '),
 ('24', 'filename', '0', 'en_nz', ' group 6frontal png '),
 ('24', 'extension', '0', 'en_nz', ' png '),
 ('24', 'kind', '0', 'en_nz', ' image '),
 ('24', 'slug', '0', 'en_nz', ' group 6frontal '),
 ('24', 'title', '0', 'en_nz', ' group 6frontal '),
 ('25', 'filename', '0', 'en_nz', ' group 3brunch png '),
 ('25', 'extension', '0', 'en_nz', ' png '),
 ('25', 'kind', '0', 'en_nz', ' image '),
 ('25', 'slug', '0', 'en_nz', ' group 3brunch '),
 ('25', 'title', '0', 'en_nz', ' group 3brunch '),
 ('26', 'filename', '0', 'en_nz', ' group 3fk png '),
 ('26', 'extension', '0', 'en_nz', ' png '),
 ('26', 'kind', '0', 'en_nz', ' image '),
 ('26', 'slug', '0', 'en_nz', ' group 3fk '),
 ('26', 'title', '0', 'en_nz', ' group 3fk '),
 ('27', 'filename', '0', 'en_nz', ' group 3nrp png '),
 ('27', 'extension', '0', 'en_nz', ' png '),
 ('27', 'kind', '0', 'en_nz', ' image '),
 ('27', 'slug', '0', 'en_nz', ' group 3nrp '),
 ('27', 'title', '0', 'en_nz', ' group 3nrp '),
 ('28', 'filename', '0', 'en_nz', ' group 3tasman png '),
 ('28', 'extension', '0', 'en_nz', ' png '),
 ('28', 'kind', '0', 'en_nz', ' image '),
 ('28', 'slug', '0', 'en_nz', ' group 3tasman '),
 ('28', 'title', '0', 'en_nz', ' group 3tasman '),
 ('29', 'filename', '0', 'en_nz', ' group 3tpp png '),
 ('29', 'extension', '0', 'en_nz', ' png '),
 ('29', 'kind', '0', 'en_nz', ' image '),
 ('29', 'slug', '0', 'en_nz', ' group 3tpp '),
 ('29', 'title', '0', 'en_nz', ' group 3tpp '),
 ('30', 'filename', '0', 'en_nz', ' group 4brunch png '),
 ('30', 'extension', '0', 'en_nz', ' png '),
 ('30', 'kind', '0', 'en_nz', ' image '),
 ('30', 'slug', '0', 'en_nz', ' group 4brunch '),
 ('30', 'title', '0', 'en_nz', ' group 4brunch '),
 ('31', 'filename', '0', 'en_nz', ' group 4fk png '),
 ('31', 'extension', '0', 'en_nz', ' png '),
 ('31', 'kind', '0', 'en_nz', ' image '),
 ('31', 'slug', '0', 'en_nz', ' group 4fk '),
 ('31', 'title', '0', 'en_nz', ' group 4fk '),
 ('32', 'filename', '0', 'en_nz', ' group 4nrp png '),
 ('32', 'extension', '0', 'en_nz', ' png '),
 ('32', 'kind', '0', 'en_nz', ' image '),
 ('32', 'slug', '0', 'en_nz', ' group 4nrp '),
 ('32', 'title', '0', 'en_nz', ' group 4nrp '),
 ('33', 'filename', '0', 'en_nz', ' group 4tasman png '),
 ('33', 'extension', '0', 'en_nz', ' png '),
 ('33', 'kind', '0', 'en_nz', ' image '),
 ('33', 'slug', '0', 'en_nz', ' group 4tasman '),
 ('33', 'title', '0', 'en_nz', ' group 4tasman '),
 ('34', 'filename', '0', 'en_nz', ' group 4tpp png '),
 ('34', 'extension', '0', 'en_nz', ' png '),
 ('34', 'kind', '0', 'en_nz', ' image '),
 ('34', 'slug', '0', 'en_nz', ' group 4tpp '),
 ('34', 'title', '0', 'en_nz', ' group 4tpp '),
 ('35', 'filename', '0', 'en_nz', ' group 5brunch png '),
 ('35', 'extension', '0', 'en_nz', ' png '),
 ('35', 'kind', '0', 'en_nz', ' image '),
 ('35', 'slug', '0', 'en_nz', ' group 5brunch '),
 ('35', 'title', '0', 'en_nz', ' group 5brunch '),
 ('36', 'filename', '0', 'en_nz', ' group 5fk png ');
INSERT INTO `craft_searchindex` (`elementId`, `attribute`, `fieldId`, `locale`, `keywords`) VALUES
 ('36', 'extension', '0', 'en_nz', ' png '),
 ('36', 'kind', '0', 'en_nz', ' image '),
 ('36', 'slug', '0', 'en_nz', ' group 5fk '),
 ('36', 'title', '0', 'en_nz', ' group 5fk '),
 ('37', 'filename', '0', 'en_nz', ' group 5nrp png '),
 ('37', 'extension', '0', 'en_nz', ' png '),
 ('37', 'kind', '0', 'en_nz', ' image '),
 ('37', 'slug', '0', 'en_nz', ' group 5nrp '),
 ('37', 'title', '0', 'en_nz', ' group 5nrp '),
 ('38', 'filename', '0', 'en_nz', ' group 5tasman png '),
 ('38', 'extension', '0', 'en_nz', ' png '),
 ('38', 'kind', '0', 'en_nz', ' image '),
 ('38', 'slug', '0', 'en_nz', ' group 5tasman '),
 ('38', 'title', '0', 'en_nz', ' group 5tasman '),
 ('39', 'filename', '0', 'en_nz', ' group 5tpp png '),
 ('39', 'extension', '0', 'en_nz', ' png '),
 ('39', 'kind', '0', 'en_nz', ' image '),
 ('39', 'slug', '0', 'en_nz', ' group 5tpp '),
 ('39', 'title', '0', 'en_nz', ' group 5tpp '),
 ('6', 'field', '16', 'en_nz', '');



DROP TABLE IF EXISTS `craft_sections`;


--
-- Schema for table `craft_sections`
--
CREATE TABLE `craft_sections` (
  `id` int(11) NOT NULL AUTO_INCREMENT,
  `structureId` int(11) DEFAULT NULL,
  `name` varchar(255) COLLATE utf8_unicode_ci NOT NULL,
  `handle` varchar(255) COLLATE utf8_unicode_ci NOT NULL,
  `type` enum('single','channel','structure') COLLATE utf8_unicode_ci NOT NULL DEFAULT 'channel',
  `hasUrls` tinyint(1) unsigned NOT NULL DEFAULT '1',
  `template` varchar(500) COLLATE utf8_unicode_ci DEFAULT NULL,
  `enableVersioning` tinyint(1) unsigned NOT NULL DEFAULT '0',
  `dateCreated` datetime NOT NULL,
  `dateUpdated` datetime NOT NULL,
  `uid` char(36) COLLATE utf8_unicode_ci NOT NULL DEFAULT '0',
  PRIMARY KEY (`id`),
  UNIQUE KEY `craft_sections_name_unq_idx` (`name`),
  UNIQUE KEY `craft_sections_handle_unq_idx` (`handle`),
  KEY `craft_sections_structureId_fk` (`structureId`)
) ENGINE=InnoDB AUTO_INCREMENT=5 DEFAULT CHARSET=utf8 COLLATE=utf8_unicode_ci;

--
-- Data for table `craft_sections`
--

INSERT INTO `craft_sections` (`id`, `structureId`, `name`, `handle`, `type`, `hasUrls`, `template`, `enableVersioning`, `dateCreated`, `dateUpdated`, `uid`) VALUES
 ('3', '1', 'Case Studies', 'caseStudies', 'structure', '1', 'case-studies/_entry', '1', '2018-02-01 09:04:39', '2018-02-01 11:19:22', 'd3262ce5-5f36-413a-a401-0124ba9d0537'),
 ('4', NULL, 'Home', 'home', 'single', '1', 'home', '1', '2018-02-01 10:18:33', '2018-02-02 09:48:17', 'e2c45f97-9327-4c7d-92ca-6cd1c2aee39d');



DROP TABLE IF EXISTS `craft_sections_i18n`;


--
-- Schema for table `craft_sections_i18n`
--
CREATE TABLE `craft_sections_i18n` (
  `id` int(11) NOT NULL AUTO_INCREMENT,
  `sectionId` int(11) NOT NULL,
  `locale` char(12) COLLATE utf8_unicode_ci NOT NULL,
  `enabledByDefault` tinyint(1) unsigned NOT NULL DEFAULT '1',
  `urlFormat` text COLLATE utf8_unicode_ci,
  `nestedUrlFormat` text COLLATE utf8_unicode_ci,
  `dateCreated` datetime NOT NULL,
  `dateUpdated` datetime NOT NULL,
  `uid` char(36) COLLATE utf8_unicode_ci NOT NULL DEFAULT '0',
  PRIMARY KEY (`id`),
  UNIQUE KEY `craft_sections_i18n_sectionId_locale_unq_idx` (`sectionId`,`locale`),
  KEY `craft_sections_i18n_locale_fk` (`locale`)
) ENGINE=InnoDB AUTO_INCREMENT=5 DEFAULT CHARSET=utf8 COLLATE=utf8_unicode_ci;

--
-- Data for table `craft_sections_i18n`
--

INSERT INTO `craft_sections_i18n` (`id`, `sectionId`, `locale`, `enabledByDefault`, `urlFormat`, `nestedUrlFormat`, `dateCreated`, `dateUpdated`, `uid`) VALUES
 ('3', '3', 'en_nz', '1', '{slug}', '{parent.uri}/{slug}', '2018-02-01 09:04:39', '2018-02-01 11:19:22', '067070ea-c1c7-42ab-a867-ab69e0d3d85a'),
 ('4', '4', 'en_nz', '1', '__home__', NULL, '2018-02-01 10:18:33', '2018-02-02 09:48:17', '243edd79-8a00-4dca-a9b8-e5831b31c05e');



DROP TABLE IF EXISTS `craft_sessions`;


--
-- Schema for table `craft_sessions`
--
CREATE TABLE `craft_sessions` (
  `id` int(11) NOT NULL AUTO_INCREMENT,
  `userId` int(11) NOT NULL,
  `token` char(100) COLLATE utf8_unicode_ci NOT NULL,
  `dateCreated` datetime NOT NULL,
  `dateUpdated` datetime NOT NULL,
  `uid` char(36) COLLATE utf8_unicode_ci NOT NULL DEFAULT '0',
  PRIMARY KEY (`id`),
  KEY `craft_sessions_uid_idx` (`uid`),
  KEY `craft_sessions_token_idx` (`token`),
  KEY `craft_sessions_dateUpdated_idx` (`dateUpdated`),
  KEY `craft_sessions_userId_fk` (`userId`)
) ENGINE=InnoDB AUTO_INCREMENT=6 DEFAULT CHARSET=utf8 COLLATE=utf8_unicode_ci;

DROP TABLE IF EXISTS `craft_shunnedmessages`;


--
-- Schema for table `craft_shunnedmessages`
--
CREATE TABLE `craft_shunnedmessages` (
  `id` int(11) NOT NULL AUTO_INCREMENT,
  `userId` int(11) NOT NULL,
  `message` varchar(255) COLLATE utf8_unicode_ci NOT NULL,
  `expiryDate` datetime DEFAULT NULL,
  `dateCreated` datetime NOT NULL,
  `dateUpdated` datetime NOT NULL,
  `uid` char(36) COLLATE utf8_unicode_ci NOT NULL DEFAULT '0',
  PRIMARY KEY (`id`),
  UNIQUE KEY `craft_shunnedmessages_userId_message_unq_idx` (`userId`,`message`)
) ENGINE=InnoDB DEFAULT CHARSET=utf8 COLLATE=utf8_unicode_ci;

DROP TABLE IF EXISTS `craft_structureelements`;


--
-- Schema for table `craft_structureelements`
--
CREATE TABLE `craft_structureelements` (
  `id` int(11) NOT NULL AUTO_INCREMENT,
  `structureId` int(11) NOT NULL,
  `elementId` int(11) DEFAULT NULL,
  `root` int(11) unsigned DEFAULT NULL,
  `lft` int(11) unsigned NOT NULL,
  `rgt` int(11) unsigned NOT NULL,
  `level` smallint(6) unsigned NOT NULL,
  `dateCreated` datetime NOT NULL,
  `dateUpdated` datetime NOT NULL,
  `uid` char(36) COLLATE utf8_unicode_ci NOT NULL DEFAULT '0',
  PRIMARY KEY (`id`),
  UNIQUE KEY `craft_structureelements_structureId_elementId_unq_idx` (`structureId`,`elementId`),
  KEY `craft_structureelements_root_idx` (`root`),
  KEY `craft_structureelements_lft_idx` (`lft`),
  KEY `craft_structureelements_rgt_idx` (`rgt`),
  KEY `craft_structureelements_level_idx` (`level`),
  KEY `craft_structureelements_elementId_fk` (`elementId`)
) ENGINE=InnoDB AUTO_INCREMENT=8 DEFAULT CHARSET=utf8 COLLATE=utf8_unicode_ci;

--
-- Data for table `craft_structureelements`
--

INSERT INTO `craft_structureelements` (`id`, `structureId`, `elementId`, `root`, `lft`, `rgt`, `level`, `dateCreated`, `dateUpdated`, `uid`) VALUES
 ('1', '1', NULL, '1', '1', '14', '0', '2018-02-01 10:29:49', '2018-02-01 10:29:49', '7d380413-768b-4b35-97b4-278cbe8c6aa0'),
 ('2', '1', '7', '1', '2', '3', '1', '2018-02-01 10:29:49', '2018-02-01 10:29:49', 'b48ced38-7bee-44d1-81bf-58723fa1204a'),
 ('3', '1', '8', '1', '4', '5', '1', '2018-02-02 04:52:50', '2018-02-02 04:52:50', '72517964-1560-4308-af78-d160d854fb22'),
 ('4', '1', '9', '1', '6', '7', '1', '2018-02-02 04:53:52', '2018-02-02 04:53:52', '8b92eea1-6922-4eaa-b895-fb487500edb0'),
 ('5', '1', '10', '1', '8', '9', '1', '2018-02-02 04:54:38', '2018-02-02 04:54:38', '5635a576-9a9d-44aa-9a5c-abcfbe223495'),
 ('6', '1', '11', '1', '10', '11', '1', '2018-02-02 04:55:37', '2018-02-02 04:55:37', '9101c921-1e1f-48cb-a04a-05af4b143506'),
 ('7', '1', '12', '1', '12', '13', '1', '2018-02-02 04:56:22', '2018-02-02 04:56:22', '2f322fd0-8de8-4b09-82d5-6b3bd9cc8481');



DROP TABLE IF EXISTS `craft_structures`;


--
-- Schema for table `craft_structures`
--
CREATE TABLE `craft_structures` (
  `id` int(11) NOT NULL AUTO_INCREMENT,
  `maxLevels` smallint(6) unsigned DEFAULT NULL,
  `dateCreated` datetime NOT NULL,
  `dateUpdated` datetime NOT NULL,
  `uid` char(36) COLLATE utf8_unicode_ci NOT NULL DEFAULT '0',
  PRIMARY KEY (`id`)
) ENGINE=InnoDB AUTO_INCREMENT=2 DEFAULT CHARSET=utf8 COLLATE=utf8_unicode_ci;

--
-- Data for table `craft_structures`
--

INSERT INTO `craft_structures` (`id`, `maxLevels`, `dateCreated`, `dateUpdated`, `uid`) VALUES
 ('1', NULL, '2018-02-01 09:05:39', '2018-02-01 11:19:22', '156cfcde-e0f4-4fdb-b270-8d7076123916');



DROP TABLE IF EXISTS `craft_systemsettings`;


--
-- Schema for table `craft_systemsettings`
--
CREATE TABLE `craft_systemsettings` (
  `id` int(11) NOT NULL AUTO_INCREMENT,
  `category` varchar(15) COLLATE utf8_unicode_ci NOT NULL,
  `settings` text COLLATE utf8_unicode_ci,
  `dateCreated` datetime NOT NULL,
  `dateUpdated` datetime NOT NULL,
  `uid` char(36) COLLATE utf8_unicode_ci NOT NULL DEFAULT '0',
  PRIMARY KEY (`id`),
  UNIQUE KEY `craft_systemsettings_category_unq_idx` (`category`)
) ENGINE=InnoDB AUTO_INCREMENT=2 DEFAULT CHARSET=utf8 COLLATE=utf8_unicode_ci;

--
-- Data for table `craft_systemsettings`
--

INSERT INTO `craft_systemsettings` (`id`, `category`, `settings`, `dateCreated`, `dateUpdated`, `uid`) VALUES
 ('1', 'email', '{\"protocol\":\"php\",\"emailAddress\":\"jennylcrowther@gmail.com\",\"senderName\":\"Portfolio 2018\"}', '2018-01-30 09:53:54', '2018-01-30 09:53:54', 'abec83c3-7224-4723-8a78-466b830efea8');



DROP TABLE IF EXISTS `craft_taggroups`;


--
-- Schema for table `craft_taggroups`
--
CREATE TABLE `craft_taggroups` (
  `id` int(11) NOT NULL AUTO_INCREMENT,
  `name` varchar(255) COLLATE utf8_unicode_ci NOT NULL,
  `handle` varchar(255) COLLATE utf8_unicode_ci NOT NULL,
  `fieldLayoutId` int(10) DEFAULT NULL,
  `dateCreated` datetime NOT NULL,
  `dateUpdated` datetime NOT NULL,
  `uid` char(36) COLLATE utf8_unicode_ci NOT NULL DEFAULT '0',
  PRIMARY KEY (`id`),
  UNIQUE KEY `craft_taggroups_name_unq_idx` (`name`),
  UNIQUE KEY `craft_taggroups_handle_unq_idx` (`handle`),
  KEY `craft_taggroups_fieldLayoutId_fk` (`fieldLayoutId`)
) ENGINE=InnoDB AUTO_INCREMENT=2 DEFAULT CHARSET=utf8 COLLATE=utf8_unicode_ci;

--
-- Data for table `craft_taggroups`
--

INSERT INTO `craft_taggroups` (`id`, `name`, `handle`, `fieldLayoutId`, `dateCreated`, `dateUpdated`, `uid`) VALUES
 ('1', 'Default', 'default', '1', '2018-01-30 09:53:54', '2018-01-30 09:53:54', '32a71891-9d03-4118-9d53-df33e3f9670a');



DROP TABLE IF EXISTS `craft_tags`;


--
-- Schema for table `craft_tags`
--
CREATE TABLE `craft_tags` (
  `id` int(11) NOT NULL,
  `groupId` int(11) NOT NULL,
  `dateCreated` datetime NOT NULL,
  `dateUpdated` datetime NOT NULL,
  `uid` char(36) COLLATE utf8_unicode_ci NOT NULL DEFAULT '0',
  PRIMARY KEY (`id`),
  KEY `craft_tags_groupId_fk` (`groupId`)
) ENGINE=InnoDB DEFAULT CHARSET=utf8 COLLATE=utf8_unicode_ci;

DROP TABLE IF EXISTS `craft_tasks`;


--
-- Schema for table `craft_tasks`
--
CREATE TABLE `craft_tasks` (
  `id` int(11) NOT NULL AUTO_INCREMENT,
  `root` int(11) unsigned DEFAULT NULL,
  `lft` int(11) unsigned NOT NULL,
  `rgt` int(11) unsigned NOT NULL,
  `level` smallint(6) unsigned NOT NULL,
  `currentStep` int(11) unsigned DEFAULT NULL,
  `totalSteps` int(11) unsigned DEFAULT NULL,
  `status` enum('pending','error','running') COLLATE utf8_unicode_ci DEFAULT NULL,
  `type` varchar(150) COLLATE utf8_unicode_ci NOT NULL,
  `description` varchar(255) COLLATE utf8_unicode_ci DEFAULT NULL,
  `settings` mediumtext COLLATE utf8_unicode_ci,
  `dateCreated` datetime NOT NULL,
  `dateUpdated` datetime NOT NULL,
  `uid` char(36) COLLATE utf8_unicode_ci NOT NULL DEFAULT '0',
  PRIMARY KEY (`id`),
  KEY `craft_tasks_root_idx` (`root`),
  KEY `craft_tasks_lft_idx` (`lft`),
  KEY `craft_tasks_rgt_idx` (`rgt`),
  KEY `craft_tasks_level_idx` (`level`)
) ENGINE=InnoDB AUTO_INCREMENT=34 DEFAULT CHARSET=utf8 COLLATE=utf8_unicode_ci;

DROP TABLE IF EXISTS `craft_templatecachecriteria`;


--
-- Schema for table `craft_templatecachecriteria`
--
CREATE TABLE `craft_templatecachecriteria` (
  `id` int(11) NOT NULL AUTO_INCREMENT,
  `cacheId` int(11) NOT NULL,
  `type` varchar(150) COLLATE utf8_unicode_ci NOT NULL,
  `criteria` text COLLATE utf8_unicode_ci NOT NULL,
  PRIMARY KEY (`id`),
  KEY `craft_templatecachecriteria_cacheId_fk` (`cacheId`),
  KEY `craft_templatecachecriteria_type_idx` (`type`)
) ENGINE=InnoDB DEFAULT CHARSET=utf8 COLLATE=utf8_unicode_ci;

DROP TABLE IF EXISTS `craft_templatecacheelements`;


--
-- Schema for table `craft_templatecacheelements`
--
CREATE TABLE `craft_templatecacheelements` (
  `cacheId` int(11) NOT NULL,
  `elementId` int(11) NOT NULL,
  KEY `craft_templatecacheelements_cacheId_fk` (`cacheId`),
  KEY `craft_templatecacheelements_elementId_fk` (`elementId`)
) ENGINE=InnoDB DEFAULT CHARSET=utf8 COLLATE=utf8_unicode_ci;

DROP TABLE IF EXISTS `craft_templatecaches`;


--
-- Schema for table `craft_templatecaches`
--
CREATE TABLE `craft_templatecaches` (
  `id` int(11) NOT NULL AUTO_INCREMENT,
  `cacheKey` varchar(255) COLLATE utf8_unicode_ci NOT NULL,
  `locale` char(12) COLLATE utf8_unicode_ci NOT NULL,
  `path` varchar(255) COLLATE utf8_unicode_ci DEFAULT NULL,
  `expiryDate` datetime NOT NULL,
  `body` mediumtext COLLATE utf8_unicode_ci NOT NULL,
  PRIMARY KEY (`id`),
  KEY `craft_templatecaches_cacheKey_locale_expiryDate_path_idx` (`cacheKey`,`locale`,`expiryDate`,`path`),
  KEY `craft_templatecaches_cacheKey_locale_expiryDate_idx` (`cacheKey`,`locale`,`expiryDate`),
  KEY `craft_templatecaches_locale_fk` (`locale`)
) ENGINE=InnoDB DEFAULT CHARSET=utf8 COLLATE=utf8_unicode_ci;

DROP TABLE IF EXISTS `craft_tokens`;


--
-- Schema for table `craft_tokens`
--
CREATE TABLE `craft_tokens` (
  `id` int(11) NOT NULL AUTO_INCREMENT,
  `token` char(32) COLLATE utf8_unicode_ci NOT NULL,
  `route` text COLLATE utf8_unicode_ci,
  `usageLimit` tinyint(3) unsigned DEFAULT NULL,
  `usageCount` tinyint(3) unsigned DEFAULT NULL,
  `expiryDate` datetime NOT NULL,
  `dateCreated` datetime NOT NULL,
  `dateUpdated` datetime NOT NULL,
  `uid` char(36) COLLATE utf8_unicode_ci NOT NULL DEFAULT '0',
  PRIMARY KEY (`id`),
  UNIQUE KEY `craft_tokens_token_unq_idx` (`token`),
  KEY `craft_tokens_expiryDate_idx` (`expiryDate`)
) ENGINE=InnoDB DEFAULT CHARSET=utf8 COLLATE=utf8_unicode_ci;

DROP TABLE IF EXISTS `craft_usergroups`;


--
-- Schema for table `craft_usergroups`
--
CREATE TABLE `craft_usergroups` (
  `id` int(11) NOT NULL AUTO_INCREMENT,
  `name` varchar(255) COLLATE utf8_unicode_ci NOT NULL,
  `handle` varchar(255) COLLATE utf8_unicode_ci NOT NULL,
  `dateCreated` datetime NOT NULL,
  `dateUpdated` datetime NOT NULL,
  `uid` char(36) COLLATE utf8_unicode_ci NOT NULL DEFAULT '0',
  PRIMARY KEY (`id`),
  UNIQUE KEY `craft_usergroups_name_unq_idx` (`name`),
  UNIQUE KEY `craft_usergroups_handle_unq_idx` (`handle`)
) ENGINE=InnoDB DEFAULT CHARSET=utf8 COLLATE=utf8_unicode_ci;

DROP TABLE IF EXISTS `craft_usergroups_users`;


--
-- Schema for table `craft_usergroups_users`
--
CREATE TABLE `craft_usergroups_users` (
  `id` int(11) NOT NULL AUTO_INCREMENT,
  `groupId` int(11) NOT NULL,
  `userId` int(11) NOT NULL,
  `dateCreated` datetime NOT NULL,
  `dateUpdated` datetime NOT NULL,
  `uid` char(36) COLLATE utf8_unicode_ci NOT NULL DEFAULT '0',
  PRIMARY KEY (`id`),
  UNIQUE KEY `craft_usergroups_users_groupId_userId_unq_idx` (`groupId`,`userId`),
  KEY `craft_usergroups_users_userId_fk` (`userId`)
) ENGINE=InnoDB DEFAULT CHARSET=utf8 COLLATE=utf8_unicode_ci;

DROP TABLE IF EXISTS `craft_userpermissions`;


--
-- Schema for table `craft_userpermissions`
--
CREATE TABLE `craft_userpermissions` (
  `id` int(11) NOT NULL AUTO_INCREMENT,
  `name` varchar(255) COLLATE utf8_unicode_ci NOT NULL,
  `dateCreated` datetime NOT NULL,
  `dateUpdated` datetime NOT NULL,
  `uid` char(36) COLLATE utf8_unicode_ci NOT NULL DEFAULT '0',
  PRIMARY KEY (`id`),
  UNIQUE KEY `craft_userpermissions_name_unq_idx` (`name`)
) ENGINE=InnoDB DEFAULT CHARSET=utf8 COLLATE=utf8_unicode_ci;

DROP TABLE IF EXISTS `craft_userpermissions_usergroups`;


--
-- Schema for table `craft_userpermissions_usergroups`
--
CREATE TABLE `craft_userpermissions_usergroups` (
  `id` int(11) NOT NULL AUTO_INCREMENT,
  `permissionId` int(11) NOT NULL,
  `groupId` int(11) NOT NULL,
  `dateCreated` datetime NOT NULL,
  `dateUpdated` datetime NOT NULL,
  `uid` char(36) COLLATE utf8_unicode_ci NOT NULL DEFAULT '0',
  PRIMARY KEY (`id`),
  UNIQUE KEY `craft_userpermissions_usergroups_permissionId_groupId_unq_idx` (`permissionId`,`groupId`),
  KEY `craft_userpermissions_usergroups_groupId_fk` (`groupId`)
) ENGINE=InnoDB DEFAULT CHARSET=utf8 COLLATE=utf8_unicode_ci;

DROP TABLE IF EXISTS `craft_userpermissions_users`;


--
-- Schema for table `craft_userpermissions_users`
--
CREATE TABLE `craft_userpermissions_users` (
  `id` int(11) NOT NULL AUTO_INCREMENT,
  `permissionId` int(11) NOT NULL,
  `userId` int(11) NOT NULL,
  `dateCreated` datetime NOT NULL,
  `dateUpdated` datetime NOT NULL,
  `uid` char(36) COLLATE utf8_unicode_ci NOT NULL DEFAULT '0',
  PRIMARY KEY (`id`),
  UNIQUE KEY `craft_userpermissions_users_permissionId_userId_unq_idx` (`permissionId`,`userId`),
  KEY `craft_userpermissions_users_userId_fk` (`userId`)
) ENGINE=InnoDB DEFAULT CHARSET=utf8 COLLATE=utf8_unicode_ci;

DROP TABLE IF EXISTS `craft_users`;


--
-- Schema for table `craft_users`
--
CREATE TABLE `craft_users` (
  `id` int(11) NOT NULL,
  `username` varchar(100) COLLATE utf8_unicode_ci NOT NULL,
  `photo` varchar(100) COLLATE utf8_unicode_ci DEFAULT NULL,
  `firstName` varchar(100) COLLATE utf8_unicode_ci DEFAULT NULL,
  `lastName` varchar(100) COLLATE utf8_unicode_ci DEFAULT NULL,
  `email` varchar(255) COLLATE utf8_unicode_ci NOT NULL,
  `password` char(255) COLLATE utf8_unicode_ci DEFAULT NULL,
  `preferredLocale` char(12) COLLATE utf8_unicode_ci DEFAULT NULL,
  `weekStartDay` tinyint(1) unsigned NOT NULL DEFAULT '0',
  `admin` tinyint(1) unsigned NOT NULL DEFAULT '0',
  `client` tinyint(1) unsigned NOT NULL DEFAULT '0',
  `locked` tinyint(1) unsigned NOT NULL DEFAULT '0',
  `suspended` tinyint(1) unsigned NOT NULL DEFAULT '0',
  `pending` tinyint(1) unsigned NOT NULL DEFAULT '0',
  `archived` tinyint(1) unsigned NOT NULL DEFAULT '0',
  `lastLoginDate` datetime DEFAULT NULL,
  `lastLoginAttemptIPAddress` varchar(45) COLLATE utf8_unicode_ci DEFAULT NULL,
  `invalidLoginWindowStart` datetime DEFAULT NULL,
  `invalidLoginCount` tinyint(4) unsigned DEFAULT NULL,
  `lastInvalidLoginDate` datetime DEFAULT NULL,
  `lockoutDate` datetime DEFAULT NULL,
  `verificationCode` char(100) COLLATE utf8_unicode_ci DEFAULT NULL,
  `verificationCodeIssuedDate` datetime DEFAULT NULL,
  `unverifiedEmail` varchar(255) COLLATE utf8_unicode_ci DEFAULT NULL,
  `passwordResetRequired` tinyint(1) unsigned NOT NULL DEFAULT '0',
  `lastPasswordChangeDate` datetime DEFAULT NULL,
  `dateCreated` datetime NOT NULL,
  `dateUpdated` datetime NOT NULL,
  `uid` char(36) COLLATE utf8_unicode_ci NOT NULL DEFAULT '0',
  PRIMARY KEY (`id`),
  UNIQUE KEY `craft_users_username_unq_idx` (`username`),
  UNIQUE KEY `craft_users_email_unq_idx` (`email`),
  KEY `craft_users_verificationCode_idx` (`verificationCode`),
  KEY `craft_users_uid_idx` (`uid`),
  KEY `craft_users_preferredLocale_fk` (`preferredLocale`)
) ENGINE=InnoDB DEFAULT CHARSET=utf8 COLLATE=utf8_unicode_ci;

--
-- Data for table `craft_users`
--

INSERT INTO `craft_users` (`id`, `username`, `photo`, `firstName`, `lastName`, `email`, `password`, `preferredLocale`, `weekStartDay`, `admin`, `client`, `locked`, `suspended`, `pending`, `archived`, `lastLoginDate`, `lastLoginAttemptIPAddress`, `invalidLoginWindowStart`, `invalidLoginCount`, `lastInvalidLoginDate`, `lockoutDate`, `verificationCode`, `verificationCodeIssuedDate`, `unverifiedEmail`, `passwordResetRequired`, `lastPasswordChangeDate`, `dateCreated`, `dateUpdated`, `uid`) VALUES
 ('1', 'xj', NULL, NULL, NULL, 'jennylcrowther@gmail.com', '$2y$13$zpO64vyNGMPalpAT.Dhi.eQ8GLUqKUgQ0CQ2efgqkW30XRcztf7xS', NULL, '0', '1', '0', '0', '0', '0', '0', '2018-02-02 08:36:54', '::1', NULL, NULL, NULL, NULL, NULL, NULL, NULL, '0', '2018-01-30 09:53:51', '2018-01-30 09:53:51', '2018-02-02 08:36:54', 'b1dfdf0f-c20c-4c4a-81de-a3b2dcb6afc6');



DROP TABLE IF EXISTS `craft_widgets`;


--
-- Schema for table `craft_widgets`
--
CREATE TABLE `craft_widgets` (
  `id` int(11) NOT NULL AUTO_INCREMENT,
  `userId` int(11) NOT NULL,
  `type` varchar(150) COLLATE utf8_unicode_ci NOT NULL,
  `sortOrder` smallint(6) unsigned DEFAULT NULL,
  `colspan` tinyint(4) unsigned DEFAULT NULL,
  `settings` text COLLATE utf8_unicode_ci,
  `enabled` tinyint(1) unsigned NOT NULL DEFAULT '1',
  `dateCreated` datetime NOT NULL,
  `dateUpdated` datetime NOT NULL,
  `uid` char(36) COLLATE utf8_unicode_ci NOT NULL DEFAULT '0',
  PRIMARY KEY (`id`),
  KEY `craft_widgets_userId_fk` (`userId`)
) ENGINE=InnoDB AUTO_INCREMENT=5 DEFAULT CHARSET=utf8 COLLATE=utf8_unicode_ci;

--
-- Data for table `craft_widgets`
--

INSERT INTO `craft_widgets` (`id`, `userId`, `type`, `sortOrder`, `colspan`, `settings`, `enabled`, `dateCreated`, `dateUpdated`, `uid`) VALUES
 ('1', '1', 'RecentEntries', '1', NULL, '{\"section\":\"*\",\"limit\":\"10\"}', '1', '2018-01-30 09:53:57', '2018-02-01 08:51:19', '355eae8a-30ff-466d-8308-8dced94cf1b4'),
 ('2', '1', 'GetHelp', '2', NULL, NULL, '1', '2018-01-30 09:53:57', '2018-01-30 09:53:57', 'b81e8446-36ce-469d-b59b-0182b21b4016'),
 ('3', '1', 'Updates', '3', NULL, NULL, '1', '2018-01-30 09:53:57', '2018-01-30 09:53:57', '9f492805-b3de-491f-ba19-d978067e8e31'),
 ('4', '1', 'Feed', '4', NULL, '{\"url\":\"https:\\/\\/craftcms.com\\/news.rss\",\"title\":\"Craft News\"}', '1', '2018-01-30 09:53:57', '2018-01-30 09:53:57', 'f4d58e2b-f82e-49e6-a62c-a01457a626ab');


--
-- Constraints for tables
--


--
-- Constraints for table `craft_assetfiles`
--
ALTER TABLE `craft_assetfiles`
	ADD CONSTRAINT `craft_assetfiles_folderId_fk` FOREIGN KEY (`folderId`) REFERENCES `craft_assetfolders` (`id`) ON DELETE CASCADE,
	ADD CONSTRAINT `craft_assetfiles_id_fk` FOREIGN KEY (`id`) REFERENCES `craft_elements` (`id`) ON DELETE CASCADE,
	ADD CONSTRAINT `craft_assetfiles_sourceId_fk` FOREIGN KEY (`sourceId`) REFERENCES `craft_assetsources` (`id`) ON DELETE CASCADE;

--
-- Constraints for table `craft_assetfolders`
--
ALTER TABLE `craft_assetfolders`
	ADD CONSTRAINT `craft_assetfolders_parentId_fk` FOREIGN KEY (`parentId`) REFERENCES `craft_assetfolders` (`id`) ON DELETE CASCADE,
	ADD CONSTRAINT `craft_assetfolders_sourceId_fk` FOREIGN KEY (`sourceId`) REFERENCES `craft_assetsources` (`id`) ON DELETE CASCADE;

--
-- Constraints for table `craft_assetindexdata`
--
ALTER TABLE `craft_assetindexdata`
	ADD CONSTRAINT `craft_assetindexdata_sourceId_fk` FOREIGN KEY (`sourceId`) REFERENCES `craft_assetsources` (`id`) ON DELETE CASCADE;

--
-- Constraints for table `craft_assetsources`
--
ALTER TABLE `craft_assetsources`
	ADD CONSTRAINT `craft_assetsources_fieldLayoutId_fk` FOREIGN KEY (`fieldLayoutId`) REFERENCES `craft_fieldlayouts` (`id`) ON DELETE SET NULL;

--
-- Constraints for table `craft_categories`
--
ALTER TABLE `craft_categories`
	ADD CONSTRAINT `craft_categories_groupId_fk` FOREIGN KEY (`groupId`) REFERENCES `craft_categorygroups` (`id`) ON DELETE CASCADE,
	ADD CONSTRAINT `craft_categories_id_fk` FOREIGN KEY (`id`) REFERENCES `craft_elements` (`id`) ON DELETE CASCADE;

--
-- Constraints for table `craft_categorygroups`
--
ALTER TABLE `craft_categorygroups`
	ADD CONSTRAINT `craft_categorygroups_fieldLayoutId_fk` FOREIGN KEY (`fieldLayoutId`) REFERENCES `craft_fieldlayouts` (`id`) ON DELETE SET NULL,
	ADD CONSTRAINT `craft_categorygroups_structureId_fk` FOREIGN KEY (`structureId`) REFERENCES `craft_structures` (`id`) ON DELETE CASCADE;

--
-- Constraints for table `craft_categorygroups_i18n`
--
ALTER TABLE `craft_categorygroups_i18n`
	ADD CONSTRAINT `craft_categorygroups_i18n_groupId_fk` FOREIGN KEY (`groupId`) REFERENCES `craft_categorygroups` (`id`) ON DELETE CASCADE,
	ADD CONSTRAINT `craft_categorygroups_i18n_locale_fk` FOREIGN KEY (`locale`) REFERENCES `craft_locales` (`locale`) ON DELETE CASCADE ON UPDATE CASCADE;

--
-- Constraints for table `craft_content`
--
ALTER TABLE `craft_content`
	ADD CONSTRAINT `craft_content_elementId_fk` FOREIGN KEY (`elementId`) REFERENCES `craft_elements` (`id`) ON DELETE CASCADE,
	ADD CONSTRAINT `craft_content_locale_fk` FOREIGN KEY (`locale`) REFERENCES `craft_locales` (`locale`) ON DELETE CASCADE ON UPDATE CASCADE;

--
-- Constraints for table `craft_elements_i18n`
--
ALTER TABLE `craft_elements_i18n`
	ADD CONSTRAINT `craft_elements_i18n_elementId_fk` FOREIGN KEY (`elementId`) REFERENCES `craft_elements` (`id`) ON DELETE CASCADE,
	ADD CONSTRAINT `craft_elements_i18n_locale_fk` FOREIGN KEY (`locale`) REFERENCES `craft_locales` (`locale`) ON DELETE CASCADE ON UPDATE CASCADE;

--
-- Constraints for table `craft_emailmessages`
--
ALTER TABLE `craft_emailmessages`
	ADD CONSTRAINT `craft_emailmessages_locale_fk` FOREIGN KEY (`locale`) REFERENCES `craft_locales` (`locale`) ON DELETE CASCADE ON UPDATE CASCADE;

--
-- Constraints for table `craft_entries`
--
ALTER TABLE `craft_entries`
	ADD CONSTRAINT `craft_entries_authorId_fk` FOREIGN KEY (`authorId`) REFERENCES `craft_users` (`id`) ON DELETE CASCADE,
	ADD CONSTRAINT `craft_entries_id_fk` FOREIGN KEY (`id`) REFERENCES `craft_elements` (`id`) ON DELETE CASCADE,
	ADD CONSTRAINT `craft_entries_sectionId_fk` FOREIGN KEY (`sectionId`) REFERENCES `craft_sections` (`id`) ON DELETE CASCADE,
	ADD CONSTRAINT `craft_entries_typeId_fk` FOREIGN KEY (`typeId`) REFERENCES `craft_entrytypes` (`id`) ON DELETE CASCADE;

--
-- Constraints for table `craft_entrydrafts`
--
ALTER TABLE `craft_entrydrafts`
	ADD CONSTRAINT `craft_entrydrafts_creatorId_fk` FOREIGN KEY (`creatorId`) REFERENCES `craft_users` (`id`) ON DELETE CASCADE,
	ADD CONSTRAINT `craft_entrydrafts_entryId_fk` FOREIGN KEY (`entryId`) REFERENCES `craft_entries` (`id`) ON DELETE CASCADE,
	ADD CONSTRAINT `craft_entrydrafts_locale_fk` FOREIGN KEY (`locale`) REFERENCES `craft_locales` (`locale`) ON DELETE CASCADE ON UPDATE CASCADE,
	ADD CONSTRAINT `craft_entrydrafts_sectionId_fk` FOREIGN KEY (`sectionId`) REFERENCES `craft_sections` (`id`) ON DELETE CASCADE;

--
-- Constraints for table `craft_entrytypes`
--
ALTER TABLE `craft_entrytypes`
	ADD CONSTRAINT `craft_entrytypes_fieldLayoutId_fk` FOREIGN KEY (`fieldLayoutId`) REFERENCES `craft_fieldlayouts` (`id`) ON DELETE SET NULL,
	ADD CONSTRAINT `craft_entrytypes_sectionId_fk` FOREIGN KEY (`sectionId`) REFERENCES `craft_sections` (`id`) ON DELETE CASCADE;

--
-- Constraints for table `craft_entryversions`
--
ALTER TABLE `craft_entryversions`
	ADD CONSTRAINT `craft_entryversions_creatorId_fk` FOREIGN KEY (`creatorId`) REFERENCES `craft_users` (`id`) ON DELETE SET NULL,
	ADD CONSTRAINT `craft_entryversions_entryId_fk` FOREIGN KEY (`entryId`) REFERENCES `craft_entries` (`id`) ON DELETE CASCADE,
	ADD CONSTRAINT `craft_entryversions_locale_fk` FOREIGN KEY (`locale`) REFERENCES `craft_locales` (`locale`) ON DELETE CASCADE ON UPDATE CASCADE,
	ADD CONSTRAINT `craft_entryversions_sectionId_fk` FOREIGN KEY (`sectionId`) REFERENCES `craft_sections` (`id`) ON DELETE CASCADE;

--
-- Constraints for table `craft_fieldlayoutfields`
--
ALTER TABLE `craft_fieldlayoutfields`
	ADD CONSTRAINT `craft_fieldlayoutfields_fieldId_fk` FOREIGN KEY (`fieldId`) REFERENCES `craft_fields` (`id`) ON DELETE CASCADE,
	ADD CONSTRAINT `craft_fieldlayoutfields_layoutId_fk` FOREIGN KEY (`layoutId`) REFERENCES `craft_fieldlayouts` (`id`) ON DELETE CASCADE,
	ADD CONSTRAINT `craft_fieldlayoutfields_tabId_fk` FOREIGN KEY (`tabId`) REFERENCES `craft_fieldlayouttabs` (`id`) ON DELETE CASCADE;

--
-- Constraints for table `craft_fieldlayouttabs`
--
ALTER TABLE `craft_fieldlayouttabs`
	ADD CONSTRAINT `craft_fieldlayouttabs_layoutId_fk` FOREIGN KEY (`layoutId`) REFERENCES `craft_fieldlayouts` (`id`) ON DELETE CASCADE;

--
-- Constraints for table `craft_fields`
--
ALTER TABLE `craft_fields`
	ADD CONSTRAINT `craft_fields_groupId_fk` FOREIGN KEY (`groupId`) REFERENCES `craft_fieldgroups` (`id`) ON DELETE CASCADE;

--
-- Constraints for table `craft_globalsets`
--
ALTER TABLE `craft_globalsets`
	ADD CONSTRAINT `craft_globalsets_fieldLayoutId_fk` FOREIGN KEY (`fieldLayoutId`) REFERENCES `craft_fieldlayouts` (`id`) ON DELETE SET NULL,
	ADD CONSTRAINT `craft_globalsets_id_fk` FOREIGN KEY (`id`) REFERENCES `craft_elements` (`id`) ON DELETE CASCADE;

--
-- Constraints for table `craft_matrixblocks`
--
ALTER TABLE `craft_matrixblocks`
	ADD CONSTRAINT `craft_matrixblocks_fieldId_fk` FOREIGN KEY (`fieldId`) REFERENCES `craft_fields` (`id`) ON DELETE CASCADE,
	ADD CONSTRAINT `craft_matrixblocks_id_fk` FOREIGN KEY (`id`) REFERENCES `craft_elements` (`id`) ON DELETE CASCADE,
	ADD CONSTRAINT `craft_matrixblocks_ownerId_fk` FOREIGN KEY (`ownerId`) REFERENCES `craft_elements` (`id`) ON DELETE CASCADE,
	ADD CONSTRAINT `craft_matrixblocks_ownerLocale_fk` FOREIGN KEY (`ownerLocale`) REFERENCES `craft_locales` (`locale`) ON DELETE CASCADE ON UPDATE CASCADE,
	ADD CONSTRAINT `craft_matrixblocks_typeId_fk` FOREIGN KEY (`typeId`) REFERENCES `craft_matrixblocktypes` (`id`) ON DELETE CASCADE;

--
-- Constraints for table `craft_matrixblocktypes`
--
ALTER TABLE `craft_matrixblocktypes`
	ADD CONSTRAINT `craft_matrixblocktypes_fieldId_fk` FOREIGN KEY (`fieldId`) REFERENCES `craft_fields` (`id`) ON DELETE CASCADE,
	ADD CONSTRAINT `craft_matrixblocktypes_fieldLayoutId_fk` FOREIGN KEY (`fieldLayoutId`) REFERENCES `craft_fieldlayouts` (`id`) ON DELETE SET NULL;

--
-- Constraints for table `craft_migrations`
--
ALTER TABLE `craft_migrations`
	ADD CONSTRAINT `craft_migrations_pluginId_fk` FOREIGN KEY (`pluginId`) REFERENCES `craft_plugins` (`id`) ON DELETE CASCADE;

--
-- Constraints for table `craft_relations`
--
ALTER TABLE `craft_relations`
	ADD CONSTRAINT `craft_relations_fieldId_fk` FOREIGN KEY (`fieldId`) REFERENCES `craft_fields` (`id`) ON DELETE CASCADE,
	ADD CONSTRAINT `craft_relations_sourceId_fk` FOREIGN KEY (`sourceId`) REFERENCES `craft_elements` (`id`) ON DELETE CASCADE,
	ADD CONSTRAINT `craft_relations_sourceLocale_fk` FOREIGN KEY (`sourceLocale`) REFERENCES `craft_locales` (`locale`) ON DELETE CASCADE ON UPDATE CASCADE,
	ADD CONSTRAINT `craft_relations_targetId_fk` FOREIGN KEY (`targetId`) REFERENCES `craft_elements` (`id`) ON DELETE CASCADE;

--
-- Constraints for table `craft_routes`
--
ALTER TABLE `craft_routes`
	ADD CONSTRAINT `craft_routes_locale_fk` FOREIGN KEY (`locale`) REFERENCES `craft_locales` (`locale`) ON DELETE CASCADE ON UPDATE CASCADE;

--
-- Constraints for table `craft_sections`
--
ALTER TABLE `craft_sections`
	ADD CONSTRAINT `craft_sections_structureId_fk` FOREIGN KEY (`structureId`) REFERENCES `craft_structures` (`id`) ON DELETE SET NULL;

--
-- Constraints for table `craft_sections_i18n`
--
ALTER TABLE `craft_sections_i18n`
	ADD CONSTRAINT `craft_sections_i18n_locale_fk` FOREIGN KEY (`locale`) REFERENCES `craft_locales` (`locale`) ON DELETE CASCADE ON UPDATE CASCADE,
	ADD CONSTRAINT `craft_sections_i18n_sectionId_fk` FOREIGN KEY (`sectionId`) REFERENCES `craft_sections` (`id`) ON DELETE CASCADE;

--
-- Constraints for table `craft_sessions`
--
ALTER TABLE `craft_sessions`
	ADD CONSTRAINT `craft_sessions_userId_fk` FOREIGN KEY (`userId`) REFERENCES `craft_users` (`id`) ON DELETE CASCADE;

--
-- Constraints for table `craft_shunnedmessages`
--
ALTER TABLE `craft_shunnedmessages`
	ADD CONSTRAINT `craft_shunnedmessages_userId_fk` FOREIGN KEY (`userId`) REFERENCES `craft_users` (`id`) ON DELETE CASCADE;

--
-- Constraints for table `craft_structureelements`
--
ALTER TABLE `craft_structureelements`
	ADD CONSTRAINT `craft_structureelements_elementId_fk` FOREIGN KEY (`elementId`) REFERENCES `craft_elements` (`id`) ON DELETE CASCADE,
	ADD CONSTRAINT `craft_structureelements_structureId_fk` FOREIGN KEY (`structureId`) REFERENCES `craft_structures` (`id`) ON DELETE CASCADE;

--
-- Constraints for table `craft_taggroups`
--
ALTER TABLE `craft_taggroups`
	ADD CONSTRAINT `craft_taggroups_fieldLayoutId_fk` FOREIGN KEY (`fieldLayoutId`) REFERENCES `craft_fieldlayouts` (`id`) ON DELETE SET NULL;

--
-- Constraints for table `craft_tags`
--
ALTER TABLE `craft_tags`
	ADD CONSTRAINT `craft_tags_groupId_fk` FOREIGN KEY (`groupId`) REFERENCES `craft_taggroups` (`id`) ON DELETE CASCADE,
	ADD CONSTRAINT `craft_tags_id_fk` FOREIGN KEY (`id`) REFERENCES `craft_elements` (`id`) ON DELETE CASCADE;

--
-- Constraints for table `craft_templatecachecriteria`
--
ALTER TABLE `craft_templatecachecriteria`
	ADD CONSTRAINT `craft_templatecachecriteria_cacheId_fk` FOREIGN KEY (`cacheId`) REFERENCES `craft_templatecaches` (`id`) ON DELETE CASCADE;

--
-- Constraints for table `craft_templatecacheelements`
--
ALTER TABLE `craft_templatecacheelements`
	ADD CONSTRAINT `craft_templatecacheelements_cacheId_fk` FOREIGN KEY (`cacheId`) REFERENCES `craft_templatecaches` (`id`) ON DELETE CASCADE,
	ADD CONSTRAINT `craft_templatecacheelements_elementId_fk` FOREIGN KEY (`elementId`) REFERENCES `craft_elements` (`id`) ON DELETE CASCADE;

--
-- Constraints for table `craft_templatecaches`
--
ALTER TABLE `craft_templatecaches`
	ADD CONSTRAINT `craft_templatecaches_locale_fk` FOREIGN KEY (`locale`) REFERENCES `craft_locales` (`locale`) ON DELETE CASCADE ON UPDATE CASCADE;

--
-- Constraints for table `craft_usergroups_users`
--
ALTER TABLE `craft_usergroups_users`
	ADD CONSTRAINT `craft_usergroups_users_groupId_fk` FOREIGN KEY (`groupId`) REFERENCES `craft_usergroups` (`id`) ON DELETE CASCADE,
	ADD CONSTRAINT `craft_usergroups_users_userId_fk` FOREIGN KEY (`userId`) REFERENCES `craft_users` (`id`) ON DELETE CASCADE;

--
-- Constraints for table `craft_userpermissions_usergroups`
--
ALTER TABLE `craft_userpermissions_usergroups`
	ADD CONSTRAINT `craft_userpermissions_usergroups_groupId_fk` FOREIGN KEY (`groupId`) REFERENCES `craft_usergroups` (`id`) ON DELETE CASCADE,
	ADD CONSTRAINT `craft_userpermissions_usergroups_permissionId_fk` FOREIGN KEY (`permissionId`) REFERENCES `craft_userpermissions` (`id`) ON DELETE CASCADE;

--
-- Constraints for table `craft_userpermissions_users`
--
ALTER TABLE `craft_userpermissions_users`
	ADD CONSTRAINT `craft_userpermissions_users_permissionId_fk` FOREIGN KEY (`permissionId`) REFERENCES `craft_userpermissions` (`id`) ON DELETE CASCADE,
	ADD CONSTRAINT `craft_userpermissions_users_userId_fk` FOREIGN KEY (`userId`) REFERENCES `craft_users` (`id`) ON DELETE CASCADE;

--
-- Constraints for table `craft_users`
--
ALTER TABLE `craft_users`
	ADD CONSTRAINT `craft_users_id_fk` FOREIGN KEY (`id`) REFERENCES `craft_elements` (`id`) ON DELETE CASCADE,
	ADD CONSTRAINT `craft_users_preferredLocale_fk` FOREIGN KEY (`preferredLocale`) REFERENCES `craft_locales` (`locale`) ON DELETE SET NULL ON UPDATE CASCADE;

--
-- Constraints for table `craft_widgets`
--
ALTER TABLE `craft_widgets`
	ADD CONSTRAINT `craft_widgets_userId_fk` FOREIGN KEY (`userId`) REFERENCES `craft_users` (`id`) ON DELETE CASCADE;

SET FOREIGN_KEY_CHECKS = 1;
